store_nbr,city,state,store_type,cluster,promotion_bin,fold3_row_count,prior_row_count,fold3_rmsle,prior_rmsle,rmsle_delta,msle_delta,positive_msle_delta_contribution,fold3_error_share,fold3_row_share,prior_row_share,new_in_target_fold,fold3_actual_zero_rate,fold3_mean_actual_sales,fold3_mean_predicted_sales,fold3_mean_signed_error,fold3_mean_onpromotion
47,Quito,Pichincha,A,14,11-50,92,156,1.1158090187737892,0.13126053023500125,0.984548488538788,1.2278004395793527,0.003961757871818899,0.022451948287988133,0.0032267115600448934,0.002735690235690236,False,0.0,3007.2025869565214,3312.183438113149,304.98085115662764,20.152173913043477
44,Quito,Pichincha,A,5,11-50,103,173,1.047183435551454,0.14184272496854025,0.9053407105829138,1.0764737890668452,0.003888776665049279,0.022139572141313894,0.003612514029180696,0.003033810325476992,False,0.0,3803.319737864078,4352.546079313954,549.226341449876,19.514563106796118
48,Quito,Pichincha,A,14,11-50,89,156,0.9928076275277606,0.14906147264892264,0.843746154878838,0.9634476626490353,0.0030073948504406615,0.017195178480376924,0.0031214927048260383,0.002735690235690236,False,0.0,2473.7850898876404,2601.085418536664,127.30032864902327,20.43820224719101
50,Ambato,Tungurahua,A,14,11-50,87,155,0.9562221123714825,0.12221345835044368,0.8340086540210387,0.8994245987862045,0.0027444563725589153,0.015592770564540646,0.0030513468013468013,0.0027181537598204267,False,0.0,2083.1622298850575,2437.697179290575,354.5349494055175,19.873563218390803
19,Guaranda,Bolivar,C,15,0,311,622,0.6651971006406219,0.520106953439678,0.14509014720094382,0.17197593968438613,0.0018758598920399863,0.02697413678330161,0.010907687991021325,0.010907687991021325,False,0.24115755627009647,19.54525077170418,19.750642525672024,0.205391753967846,0.0
9,Quito,Pichincha,B,6,6-10,80,82,0.6646344678588365,0.2544461725278318,0.4101882953310047,0.37699612115193565,0.001057789341054814,0.0069269519986928435,0.0028058361391694723,0.0014379910213243546,False,0.0,584.2837375,580.686571085061,-3.5971664149389277,7.875
38,Loja,Loja,D,4,0,302,615,0.47768698312363744,0.3643555033276473,0.11333147979599012,0.09542992104061906,0.0010107967225823147,0.013507663347696687,0.010592031425364759,0.01078493265993266,False,0.20860927152317882,34.17944705629139,31.966821329920638,-2.212625726370755,0.0
14,Riobamba,Chimborazo,C,7,0,313,624,0.5688981961515593,0.5000524177465836,0.06884577840497574,0.07359273709029429,0.0008078888436189013,0.019856372988965816,0.010977833894500562,0.010942760942760943,False,0.3450479233226837,21.674204498402556,21.61551644958097,-0.05868804882158545,0.0
25,Salinas,Santa Elena,D,1,0,315,637,0.5426978570767723,0.47637997004171023,0.06631788703506208,0.06758308821878001,0.000746656593326168,0.01818499719432559,0.011047979797979798,0.011170735129068462,False,0.24444444444444444,34.48619045396825,27.537294846298796,-6.948895607669458,0.0
26,Guayaquil,Guayas,D,10,0,337,642,0.538579891753473,0.4803782247314127,0.05820166702206031,0.05930506100507904,0.0007009611938380905,0.019160932522071357,0.011819584736251403,0.01125841750841751,False,0.3620178041543027,23.436492599406527,23.34067660450796,-0.09581599489856724,0.0
20,Quito,Pichincha,B,6,0,271,587,0.5264163879785256,0.4652899685614292,0.061126419417096456,0.060619458688461886,0.0005761740075958604,0.014720228919264519,0.009504769921436588,0.010293911335578002,False,0.2693726937269373,31.399490763837637,31.634345552821504,0.23485478898386358,0.0
43,Esmeraldas,Esmeraldas,E,10,0,299,612,0.5209038340805163,0.46753741322020986,0.05336642086030646,0.05274957159913682,0.0005531748705156393,0.01590276962478932,0.010486812570145904,0.010732323232323232,False,0.34782608695652173,31.145996688963212,28.756210235551613,-2.3897864534115953,0.0
2,Quito,Pichincha,D,13,0,295,593,0.43246213685767476,0.3657978316341354,0.06666430522353939,0.05321544618727095,0.0005505947188988822,0.010814455725137033,0.01034652076318743,0.010399130190796857,False,0.23389830508474577,65.78451523050848,70.75497782435563,4.970462593847167,0.0
47,Quito,Pichincha,A,14,6-10,80,76,0.44316935673093494,0.1356446049986726,0.30752475173226235,0.17799961988006477,0.0004994377662179146,0.0030797531243178175,0.0028058361391694723,0.0013327721661054994,False,0.0,2318.4873374999997,2548.4932408138843,230.00590331388435,8.325
34,Guayaquil,Guayas,B,6,0,296,604,0.5339991897495557,0.4887093984149414,0.04528979133461436,0.04631825855408808,0.0004808573418914868,0.016544718351802264,0.010381593714927048,0.010592031425364759,False,0.19594594594594594,20.532483094594596,19.772634505252803,-0.7598485893417912,0.0
20,Quito,Pichincha,B,6,6-10,54,54,0.5249724643507239,0.161517073631968,0.3634553907187559,0.24950832325183753,0.00047255364252241956,0.002917113184336176,0.001893939393939394,0.000946969696969697,False,0.0,473.596945,465.1511496950358,-8.445795304964228,7.7407407407407405
16,Santo Domingo,Santo Domingo de los Tsachilas,C,3,0,322,629,0.4949561380081047,0.4539033156946107,0.041052822313494,0.03895335855333659,0.0004399193832131868,0.015462359684837477,0.011293490460157127,0.011030443322109989,False,0.391304347826087,8.683217391304348,7.764941064160832,-0.9182763271435161,0.0
32,Guayaquil,Guayas,C,3,0,340,656,0.4941442036740652,0.45532971750791335,0.03881448616615185,0.03685334237883989,0.000439468869556873,0.016273193896013127,0.011924803591470258,0.011503928170594837,False,0.46176470588235297,7.81352940882353,7.025534959160466,-0.787994449663063,0.0
44,Quito,Pichincha,A,5,6-10,77,94,0.4634545626812876,0.23577691489460592,0.22767764778668168,0.1591993780728853,0.00042993659201782296,0.003241839582117706,0.002700617283950617,0.0016484287317620652,False,0.0,1759.3589348051948,2024.7372786069532,265.3783438017585,7.909090909090909
5,Santo Domingo,Santo Domingo de los Tsachilas,D,4,0,307,615,0.45851045285988895,0.41826240432386574,0.04024804853602321,0.03528839651099949,0.0003799641459342328,0.012650955511553982,0.01076739618406285,0.01078493265993266,False,0.1791530944625407,37.664058598371334,40.530121091802336,2.866062493431006,0.0
44,Quito,Pichincha,A,5,2-5,46,67,0.514205956479079,0.2462723492566896,0.26793360722238935,0.20375769567015561,0.00032873365603350025,0.002384067289906215,0.0016133557800224467,0.0011749438832772167,False,0.0,218.31052173913042,231.9361006934193,13.62557895428885,3.239130434782609
8,Quito,Pichincha,D,8,0,303,625,0.3930930495728539,0.3527139896203248,0.040379059952529106,0.0301149871485996,0.00032003511174332486,0.009177403563359235,0.010627104377104377,0.010960297418630752,False,0.1551155115511551,143.42256761056106,144.57895570242366,1.156388091862585,0.0
23,Ambato,Tungurahua,D,9,0,309,639,0.47745380353348577,0.4459971136022663,0.03145668993121947,0.029048709167039583,0.0003148166081865611,0.01380726516408682,0.010837542087542087,0.01120580808080808,False,0.2621359223300971,55.289135959546925,51.40540803524759,-3.88372792429934,0.0
38,Loja,Loja,D,4,2-5,56,84,0.5480145544192577,0.37939508068601197,0.16861947373324576,0.15637932460659204,0.0003071423322800629,0.0032965425354902545,0.001964085297418631,0.001473063973063973,False,0.0,184.45848214285712,187.4848143519141,3.0263322090569718,3.017857142857143
11,Cayambe,Pichincha,B,6,0,279,566,0.49127660818820557,0.4582805876307591,0.03299602055744649,0.0313316087537138,0.00030659086848646707,0.01319905523899815,0.009785353535353536,0.009925645342312009,False,0.1971326164874552,65.88807889605734,61.74077778355007,-4.147301112507274,0.0
48,Quito,Pichincha,A,14,2-5,55,114,0.48044211419463484,0.2805362649740014,0.19990584922063342,0.15212402912624745,0.00029344913025896495,0.0024884636403375393,0.0019290123456790122,0.001999158249158249,False,0.0,98.61201818181819,96.04598928469099,-2.566028897127198,2.8727272727272726
36,Libertad,Guayas,E,10,1,54,79,0.568826326801788,0.41163987676797703,0.157186450033811,0.15411600191725916,0.00029188636726753625,0.0034248346442516705,0.001893939393939394,0.001385381593714927,False,0.0,75.30651842592592,59.65663140779124,-15.649887018134692,1.0
49,Quito,Pichincha,A,11,2-5,59,69,0.46096526847404407,0.27422347909609907,0.186741789377945,0.13729046225177885,0.000284095723655126,0.0024573945572862535,0.002069304152637486,0.001210016835016835,False,0.0,114.64727128813558,125.48085658389643,10.833585295760827,2.864406779661017
14,Riobamba,Chimborazo,C,7,1,51,86,0.6306654279606014,0.4892040871956327,0.14146134076496875,0.15841824309581637,0.0002833659651335099,0.003976076173103397,0.0017887205387205388,0.0015081369248035915,False,0.0,37.9731568627451,40.6300241943738,2.6568673316287037,1.0
23,Ambato,Tungurahua,D,9,2-5,60,111,0.48355327620677413,0.32561959191375384,0.1579336842930203,0.1277956522922252,0.0002689302447226961,0.002749960031620975,0.0021043771043771043,0.0019465488215488216,False,0.0,234.302,278.9850829245703,44.68308292457026,3.5
54,El Carmen,Manabi,C,3,0,322,623,0.47563724666708307,0.45107888665519974,0.02455836001188333,0.022758628430949113,0.00025702435307118455,0.014278877105334542,0.011293490460157127,0.010925224466891134,False,0.422360248447205,13.099965832298135,11.919081138952993,-1.1808846933451436,0.0
47,Quito,Pichincha,A,14,2-5,52,95,0.46125204198045694,0.2919115371471414,0.16934050483331553,0.12754110071153432,0.0002326086292438196,0.002168534912188329,0.001823793490460157,0.0016659652076318743,False,0.0,124.16034615384615,126.66709179249311,2.506745638646966,2.673076923076923
48,Quito,Pichincha,A,14,6-10,76,60,0.35800676317411617,0.2054152310605911,0.15259153211352508,0.08597342532673169,0.0002291659766004352,0.0019093367229904795,0.002665544332210999,0.0010521885521885522,False,0.0,1367.9571184210527,1605.4730506728906,237.51593225183808,7.9605263157894735
36,Libertad,Guayas,E,10,0,306,600,0.5314684004149002,0.5112206459110263,0.020247754503873838,0.02111211183388567,0.00022658200831821745,0.016941926493159072,0.010732323232323232,0.010521885521885523,False,0.3366013071895425,79.16237264705883,54.40964519940865,-24.75272744765018,0.0
50,Ambato,Tungurahua,A,14,0,281,554,0.4384476903767112,0.41173564902956883,0.02671204134714239,0.02271013251487214,0.00022381969825614027,0.010588351849980894,0.009855499438832772,0.009715207631874298,False,0.17793594306049823,79.20425270462634,82.52251346560192,3.3182607609755874,0.0
50,Ambato,Tungurahua,A,14,2-5,57,104,0.42230640882270215,0.2599405632601735,0.16236584556252864,0.11077360650471099,0.00022145396923290288,0.0019925841495615675,0.001999158249158249,0.001823793490460157,False,0.0,201.18473684210528,240.28689650105704,39.10215965895177,3.245614035087719
39,Cuenca,Azuay,B,6,1,60,81,0.47534991649557823,0.3503551165008021,0.12499479999477614,0.10320883545406263,0.00021719031029895336,0.0026574467169441724,0.0021043771043771043,0.0014204545454545455,False,0.0,95.7067,108.77766663041582,13.070966630415825,1.0
30,Guayaquil,Guayas,C,3,0,315,627,0.4821673235870768,0.46242394992384894,0.01974337366322787,0.01864941847195048,0.00020603839852218018,0.014354648910952112,0.011047979797979798,0.01099537037037037,False,0.3968253968253968,8.516387314285714,8.014468934906951,-0.5019183793787635,0.0
42,Cuenca,Azuay,D,2,1,41,77,0.5618540745121816,0.417013204319434,0.1448408701927476,0.14177998846917805,0.00020387835042214858,0.002536982066336007,0.0014379910213243546,0.0013503086419753086,False,0.0,68.07382902439024,70.98286372592972,2.909034701539485,1.0
12,Latacunga,Cotopaxi,C,15,0,287,630,0.4811126216814335,0.4596351800013569,0.021477441680076592,0.020204856046302427,0.0002033808110721379,0.013021525594188706,0.010065937149270482,0.011047979797979798,False,0.30662020905923343,18.195348463414636,18.979738542170026,0.7843900787553924,0.0
24,Guayaquil,Guayas,D,1,0,311,605,0.42678957268677126,0.40440441330456606,0.0223851593822052,0.018606409853946543,0.00020295291331991354,0.011103872353406794,0.010907687991021325,0.010609567901234568,False,0.24115755627009647,73.43613509324759,75.88201581123238,2.4458807179847915,0.0
6,Quito,Pichincha,D,13,2-5,52,107,0.40424799436957576,0.24014230591148666,0.1641056884580891,0.10574811386333852,0.0001928627216923963,0.0016656569550680374,0.001823793490460157,0.0018764029180695847,False,0.0,271.99746153846155,293.9173379146717,21.919876376210155,3.3653846153846154
31,Babahoyo,Los Rios,B,10,0,296,595,0.48413954757841765,0.466730364759958,0.017409182818459656,0.016553868140471467,0.00017185553344484968,0.013599386045387895,0.010381593714927048,0.010434203142536475,False,0.2635135135135135,28.239415587837836,28.60935393595471,0.3699383481168707,0.0
7,Quito,Pichincha,D,8,2-5,56,78,0.45211604848713804,0.3501915526341849,0.10192449585295316,0.08177479776328309,0.00016061267798624625,0.002243749373076875,0.001964085297418631,0.001367845117845118,False,0.0,581.0205178571429,648.8588050721513,67.83828721500855,3.1964285714285716
39,Cuenca,Azuay,B,6,11-50,58,168,0.4079459069212403,0.2975807466897769,0.11036516023146337,0.07786556217334807,0.0001583965560484774,0.0018919934337618793,0.0020342312008978674,0.002946127946127946,False,0.0,1814.7739655172413,2109.5561267765265,294.7821612592851,24.086206896551722
22,Puyo,Pastaza,C,7,0,304,633,0.526889241859344,0.5127295066675135,0.014159735191830558,0.014720726179602628,0.00015695499293627942,0.016542407583600358,0.010662177328843996,0.011100589225589225,False,0.34539473684210525,16.79186835526316,15.778758955270067,-1.0131093999930905,0.0
18,Quito,Pichincha,B,16,2-5,47,100,0.444136364010085,0.3231078206966877,0.1210285433133973,0.09285844604073581,0.0001530705304403263,0.0018172596962428627,0.0016484287317620652,0.0017536475869809204,False,0.0,76.19478723404255,84.76110157606213,8.566314342019577,3.0
42,Cuenca,Azuay,D,2,6-10,77,54,0.30664648538075073,0.19532272231831693,0.1113237630624338,0.05588110114252863,0.0001509134675917054,0.0014192312952504066,0.002700617283950617,0.000946969696969697,False,0.0,809.3188571428572,1036.9869437900868,227.66808664722961,7.922077922077922
25,Salinas,Santa Elena,D,1,6-10,54,71,0.3787933617209035,0.2549101339186852,0.12388322780221828,0.0785052345093812,0.00014868415626776742,0.0015187453104925132,0.001893939393939394,0.0012450897867564534,False,0.0,508.42225925925925,451.35757029831586,-57.064688960943414,7.944444444444445
37,Cuenca,Azuay,D,2,6-10,79,81,0.320305667221859,0.22263384554828414,0.09767182167357485,0.05302989127082304,0.00014693327056660425,0.001588703337978411,0.002770763187429854,0.0014204545454545455,False,0.0,845.808784556962,1068.2306326303476,222.42184807338566,8.265822784810126
42,Cuenca,Azuay,D,2,0,306,644,0.4114372398257032,0.3946873050251046,0.01674993480059861,0.013502533567413266,0.0001449135547007737,0.010153484105076454,0.010732323232323232,0.011293490460157127,False,0.21241830065359477,39.41388235294117,42.77458842656508,3.360706073623902,0.0
17,Quito,Pichincha,C,12,1,56,61,0.3964587948912723,0.288909024426233,0.10754977046503927,0.07371115165172219,0.0001447749892149426,0.0017253237919992181,0.001964085297418631,0.0010697250280583613,False,0.0,94.68883928571428,94.24267161882379,-0.4461676668904962,1.0
7,Quito,Pichincha,D,8,0,290,608,0.38794765979149526,0.36961230903956344,0.018335350751931823,0.013890127744140002,0.00014127865620793353,0.008555211330497543,0.010171156004489338,0.010662177328843996,False,0.15862068965517243,88.5019277137931,95.8527445263506,7.350816812557499,0.0
37,Cuenca,Azuay,D,2,0,304,613,0.40816831591830977,0.3916185539611065,0.016549761957203257,0.01323628231300103,0.00014112758919585837,0.009927471156206982,0.010662177328843996,0.010749859708193041,False,0.23355263157894737,43.67402299671053,47.39681822433607,3.72279522762555,0.0
17,Quito,Pichincha,C,12,6-10,57,57,0.29737914786012143,0.14456194138055878,0.15281720647956265,0.06753620268629586,0.00013501555671713186,0.0009880578027408626,0.001999158249158249,0.0009995791245791246,False,0.0,333.05263157894734,356.0308768993733,22.978245320425902,7.43859649122807
4,Quito,Pichincha,D,9,0,314,619,0.40076402725663796,0.38526120802987707,0.015502819226760889,0.01218560713031902,0.00013419895619108348,0.009885384895142384,0.01101290684624018,0.010855078563411896,False,0.20063694267515925,52.33125808917197,50.55960643162983,-1.7716516575421406,0.0
9,Quito,Pichincha,B,6,11-50,61,181,0.28098464356275477,0.13222199808133103,0.14876264548142373,0.061469713141468846,0.00013151138122999436,0.0009440206121596557,0.0021394500561167226,0.0031741021324354656,False,0.0,1750.0696396721312,1631.1156487259768,-118.95399094615422,21.360655737704917
7,Quito,Pichincha,D,8,1,38,84,0.4362343162327029,0.3111387943166142,0.12509552191608875,0.09349302933021748,0.00012460490721619895,0.0014174564361610004,0.0013327721661054994,0.001473063973063973,False,0.0,83.61763157894737,99.13249088171085,15.514859302763481,1.0
6,Quito,Pichincha,D,13,1,44,91,0.4445281067642377,0.34490962406302506,0.09961848270121265,0.07864258893210023,0.0001213620199569448,0.001704266861370009,0.0015432098765432098,0.0015958193041526374,False,0.0,64.17118181818182,63.72337257223146,-0.44780924595035515,1.0
41,Machala,El Oro,D,4,11-50,67,148,0.33528079800098604,0.24796304316193998,0.08731775483904605,0.050927542734047905,0.00011967400965141729,0.0014763136554525322,0.0023498877665544334,0.002595398428731762,False,0.0,1564.9817462686567,1811.8269625361236,246.8452162674668,21.074626865671643
35,Playas,Guayas,C,3,2-5,73,110,0.495189457184717,0.451036516828626,0.04415294035609102,0.041778658993995244,0.00010696696501689298,0.0035087474568026933,0.0025603254769921437,0.0019290123456790122,False,0.0,146.57182191780822,131.23054991777806,-15.341272000030164,3.3013698630136985
12,Latacunga,Cotopaxi,C,15,11-50,58,185,0.32236932660228873,0.22806418117289265,0.09430514542939608,0.051908711999951104,0.00010559432154872208,0.0011814677974301099,0.0020342312008978674,0.0032442480359147026,False,0.0,1153.0537931034482,1310.6586308935894,157.6048377901411,22.879310344827587
40,Machala,El Oro,C,3,0,300,607,0.4852096702213904,0.47484788069258943,0.010361789528800958,0.009947914278106734,0.00010467081521576951,0.013844160367904835,0.010521885521885523,0.010644640852974186,False,0.33,17.422903333333334,17.07339557243397,-0.34950776089936364,0.0
25,Salinas,Santa Elena,D,1,11-50,57,141,0.310603995639414,0.21238859721469983,0.09821539842471416,0.05136592588034111,0.00010268861444933513,0.0010778923838936816,0.001999158249158249,0.0024726430976430977,False,0.0,1343.124667017544,1129.6516174959954,-213.47304952154855,22.842105263157894
14,Riobamba,Chimborazo,C,7,11-50,51,165,0.36857224737471206,0.28129640236997183,0.08727584500474023,0.05671783554855682,0.00010145235735747748,0.0013580066880220184,0.0017887205387205388,0.0028935185185185184,False,0.0,1367.4237647843136,1396.7564824680612,29.332717683747482,23.11764705882353
2,Quito,Pichincha,D,13,2-5,35,91,0.3652154041450141,0.2262267778486893,0.13898862629632477,0.08220373640900575,0.00010090946879612798,0.0009150665699336201,0.0012275533108866443,0.0015958193041526374,False,0.0,132.9804000285714,144.08102060596846,11.100620577397022,3.4
17,Quito,Pichincha,C,12,2-5,42,94,0.38287728356304923,0.2802915658024194,0.10258571776062986,0.0680316524086476,0.00010021497619118964,0.0012068546321393444,0.001473063973063973,0.0016484287317620652,False,0.0,475.8266190476191,512.2464028137576,36.41978376613859,2.738095238095238
38,Loja,Loja,D,4,11-50,67,153,0.32061440189639734,0.2477995804105263,0.07281482148587104,0.041388962651751716,9.72594170057297e-05,0.0013499799784890913,0.0023498877665544334,0.002683080808080808,False,0.0,1430.0709253731345,1571.9703467988413,141.89942142570703,21.52238805970149
17,Quito,Pichincha,C,12,0,293,624,0.48275828369282225,0.47297504250246775,0.009783241190354508,0.009350169643828316,9.608584826184401e-05,0.01338485160946327,0.010276374859708193,0.010942760942760943,False,0.2935153583617747,36.47758020477816,36.700204222954625,0.2226240181764687,0.0
50,Ambato,Tungurahua,A,14,1,32,124,0.5201025639684558,0.43099514539163125,0.08910741857682453,0.08474986169540827,9.511768989383644e-05,0.0016967366427687387,0.001122334455667789,0.0021745230078563413,False,0.0,93.546625125,105.42249550729692,11.875870382296915,1.0
42,Cuenca,Azuay,D,2,11-50,58,159,0.26057350695764436,0.14582538001186018,0.11474812694578418,0.04663351107260212,9.486334323130342e-05,0.0007719247765846953,0.0020342312008978674,0.002788299663299663,False,0.0,1433.1725000000001,1656.6571464252975,223.4846464252976,22.43103448275862
5,Santo Domingo,Santo Domingo de los Tsachilas,D,4,2-5,55,109,0.3486751259632977,0.2711041888592997,0.07757093710399798,0.04807686224846265,9.27408608187937e-05,0.0013106631633930967,0.0019290123456790122,0.0019114758698092031,False,0.0,214.3555072727273,249.79975148637718,35.444244213649895,3.1454545454545455
40,Machala,El Oro,C,3,2-5,28,88,0.5149502910349835,0.413699083523134,0.10125120751184946,0.09402687052913314,9.233839698427778e-05,0.001455375696772012,0.0009820426487093155,0.0015432098765432098,False,0.0,293.09164285714286,314.57436917792273,21.482726320779893,3.25
25,Salinas,Santa Elena,D,1,1,38,70,0.44838736646145866,0.36836810604629916,0.0800192604151595,0.0653561688501049,8.710488272671107e-05,0.0014975343850596597,0.0013327721661054994,0.0012275533108866443,False,0.0,127.67068426315788,82.0473374151353,-45.623346848022585,1.0
33,Quevedo,Los Rios,C,3,11-50,63,162,0.3074372736770211,0.23488687818051135,0.07255039549650977,0.039345831704573196,8.693839076136755e-05,0.0011671859766763807,0.0022095959595959595,0.002840909090909091,False,0.0,1392.0893492063492,1355.033917576573,-37.05543162977603,23.603174603174605
46,Quito,Pichincha,A,14,2-5,52,84,0.349177123741216,0.27277783059456806,0.07639929314664795,0.047516918880309594,8.666104734063199e-05,0.0012427431596047855,0.001823793490460157,0.001473063973063973,False,0.0,114.88032692307692,118.01544756306265,3.1351206399857343,2.980769230769231
37,Cuenca,Azuay,D,2,11-50,56,161,0.24818285436095427,0.13404853281353962,0.11413432154741465,0.04362572004928803,8.56846353381078e-05,0.0006761110725786642,0.001964085297418631,0.002823372615039282,False,0.0,1540.9604465,1786.308275906137,245.3478294061371,23.196428571428573
22,Puyo,Pastaza,C,7,11-50,54,179,0.3332091182597203,0.25722705443655913,0.0759820638231612,0.04486255895731173,8.49669677221813e-05,0.0011752059611531925,0.001893939393939394,0.0031390291806958474,False,0.0,1098.4788703703703,1005.3947664399029,-93.08410393046746,22.75925925925926
20,Quito,Pichincha,B,6,2-5,36,96,0.4194441299065676,0.3326442521279393,0.0867998777786283,0.0652811796393215,8.242573186783016e-05,0.0012414728137710982,0.0012626262626262627,0.0016835016835016834,False,0.0,319.60119441666666,335.8986016931948,16.297407276528123,3.5277777777777777
20,Quito,Pichincha,B,6,11-50,72,181,0.3088745390638162,0.25319771209664765,0.055676826967168525,0.03129439947090802,7.902626129017176e-05,0.0013464281664377002,0.0025252525252525255,0.0031741021324354656,False,0.0,1709.9475004166666,1570.6119876540747,-139.33551276259212,21.27777777777778
4,Quito,Pichincha,D,9,6-10,72,64,0.2516069503211859,0.18100993490718173,0.07059701541400418,0.030541460914825534,7.712490130006448e-05,0.0008934376195584976,0.0025252525252525255,0.001122334455667789,False,0.0,881.775625,1038.2515881916306,156.4759631916307,7.861111111111111
33,Quevedo,Los Rios,C,3,1,51,56,0.43109742938069123,0.37799646117036867,0.05310096821032256,0.042963668961318036,7.684999708989968e-05,0.0018578365968547326,0.0017887205387205388,0.0009820426487093155,False,0.0,81.35562745098039,75.50624796767768,-5.849379483302711,1.0
36,Libertad,Guayas,E,10,11-50,56,177,0.2590108633931384,0.17135393909653507,0.08765692429660332,0.037724454911759936,7.409404724531974e-05,0.0007363943663224966,0.001964085297418631,0.003103956228956229,False,0.0,1524.5394285714285,1293.2351592505693,-231.3042693208592,21.142857142857142
46,Quito,Pichincha,A,14,6-10,79,78,0.21821284769737231,0.14678506404015776,0.07142778365721456,0.02607099187492339,7.223654454682056e-05,0.0007373508688205254,0.002770763187429854,0.001367845117845118,False,0.0,1653.644253164557,2020.5502745766905,366.90602141213344,8.556962025316455
31,Babahoyo,Los Rios,B,10,2-5,33,87,0.35584790880915607,0.2541375502886778,0.10171035852047827,0.06204183973711923,7.180768488092503e-05,0.0008190855173253835,0.0011574074074074073,0.0015256734006734007,False,0.0,293.97106060606063,316.3909932057276,22.419932599667,3.515151515151515
53,Manta,Manabi,D,13,1,33,80,0.4497947446083411,0.3753605803880323,0.0744341642203088,0.061419746968042366,7.10876701019009e-05,0.0013086670409241756,0.0011574074074074073,0.0014029180695847362,False,0.0,59.67451515151515,58.061948488993224,-1.6125666625219268,1.0
33,Quevedo,Los Rios,C,3,0,313,620,0.4685137412912266,0.46164249375152033,0.006871247539706249,0.006391333741579935,7.01630001793813e-05,0.013467143098885461,0.010977833894500562,0.010872615039281707,False,0.3865814696485623,23.31054317891374,22.72293605850702,-0.5876071204067193,0.0
10,Quito,Pichincha,C,15,2-5,45,100,0.40004982136524614,0.3427915101795524,0.057258311185693744,0.04253384012318716,6.713042948735347e-05,0.0014116503709547515,0.0015782828282828283,0.0017536475869809204,False,0.0,180.45648888888888,175.29350414212936,-5.162984746759504,3.888888888888889
27,Daule,Guayas,D,1,2-5,47,100,0.3524276038923359,0.2897570824578243,0.06267052143451163,0.04024604915082283,6.634274376012462e-05,0.0011442585428771545,0.0016484287317620652,0.0017536475869809204,False,0.0,217.16321276595744,236.48977569892838,19.326562932970948,3.404255319148936
21,Santo Domingo,Santo Domingo de los Tsachilas,B,6,11-50,55,191,0.31019708923939215,0.24973479303533913,0.06046229620405302,0.03385476732018773,6.53062641207325e-05,0.001037348294339473,0.0019290123456790122,0.0033494668911335577,False,0.0,1729.0984181818183,1684.8482854544325,-44.25013272738554,23.01818181818182
5,Santo Domingo,Santo Domingo de los Tsachilas,D,4,6-10,70,49,0.24916048282965822,0.18856429343924927,0.06059618939040895,0.0265244534436651,6.512036128845949e-05,0.0008518102050011578,0.0024551066217732885,0.0008592873176206509,False,0.0,618.6484285714286,724.5209707266582,105.87254215522971,7.8
15,Ibarra,Imbabura,C,15,6-10,65,68,0.23566502013832621,0.16474520718448898,0.07091981295383723,0.028397018426537492,6.473787169349526e-05,0.0007076036711128409,0.0022797418630751964,0.0011924803591470258,False,0.0,266.4718307692308,287.8337982934445,21.361967524213686,7.492307692307692
8,Quito,Pichincha,D,8,1,45,67,0.33827915615427995,0.27142992107951663,0.06684923507476331,0.04075858543121906,6.43285754911917e-05,0.0010093678370943402,0.0015782828282828283,0.0011749438832772167,False,0.0,79.95473333333332,84.87433221976141,4.919598886428078,1.0
52,Manta,Manabi,A,11,6-10,63,70,0.2517454869772425,0.1875453591638345,0.06420012781340803,0.02820252846951732,6.231619295663548e-05,0.0007826190375519127,0.0022095959595959595,0.0012275533108866443,False,0.0,1499.06126984127,1821.7970298279831,322.73575998671333,8.126984126984127
16,Santo Domingo,Santo Domingo de los Tsachilas,C,3,11-50,59,173,0.3513159374858682,0.30940536893251064,0.04191056855335756,0.02769120560731142,5.7301526754747953e-05,0.0014273621853096096,0.002069304152637486,0.003033810325476992,False,0.0,1188.9854745762711,1203.6239037366372,14.638429160365884,25.47457627118644
42,Cuenca,Azuay,D,2,2-5,41,85,0.3471952235595844,0.28639828241464704,0.06079694114493733,0.03852054709252985,5.53922008555599e-05,0.0009687635982607236,0.0014379910213243546,0.0014906004489337822,False,0.0,184.41970731707318,214.97958141787467,30.559874100801462,3.1951219512195124
6,Quito,Pichincha,D,13,6-10,71,68,0.23391388941904884,0.18160189540078792,0.05231199401826092,0.021736459249988294,5.412768682481653e-05,0.0007614770879907398,0.002490179573512907,0.0011924803591470258,False,0.0,1094.5365915492957,1255.5326249999016,160.99603345060578,7.591549295774648
9,Quito,Pichincha,B,6,1,73,78,0.35219209842049265,0.3228422810570505,0.029349817363442166,0.01981213575171041,5.0725515918731056e-05,0.001774878169014553,0.0025603254769921437,0.001367845117845118,False,0.0,116.49239712328767,108.84058069668838,-7.651816426599298,1.0
11,Cayambe,Pichincha,B,6,6-10,66,62,0.2997281421129956,0.2606699959239953,0.039058146189000276,0.02188811239949233,5.0666926850676685e-05,0.0011622122537853063,0.0023148148148148147,0.0010872615039281706,False,0.0,633.6454090909091,615.9438472256696,-17.70156186523945,8.196969696969697
7,Quito,Pichincha,D,8,11-50,59,165,0.2226621814732837,0.15865498069980602,0.06400720077347768,0.024407044157585704,5.050559782889859e-05,0.000573365294910509,0.002069304152637486,0.0028935185185185184,False,0.0,1905.4242711864408,2185.30963134538,279.88536015893897,22.89830508474576
26,Guayaquil,Guayas,D,10,6-10,47,66,0.2590921841483585,0.19326500645181016,0.06582717769654833,0.02977739716794868,4.908591704873695e-05,0.0006184334237805073,0.0016484287317620652,0.0011574074074074073,False,0.0,334.2852553191489,397.16932011886456,62.884064799715595,7.446808510638298
51,Guayaquil,Guayas,A,17,2-5,46,84,0.39030016804615936,0.35027019997926,0.040029968066899346,0.029645008183349406,4.78279453014195e-05,0.0013735414801795045,0.0016133557800224467,0.001473063973063973,False,0.0,322.325,310.39662406236226,-11.928375937637735,2.9347826086956523
27,Daule,Guayas,D,1,1,32,83,0.42847469633836577,0.37625193782819466,0.05222275851017111,0.04202504468278309,4.716615564846587e-05,0.0011515606305385864,0.001122334455667789,0.001455527497194164,False,0.0,50.7284375,49.51257343571705,-1.2158640642829495,1.0
39,Cuenca,Azuay,B,6,0,264,577,0.45797177377864895,0.45247015169290283,0.005501622085746116,0.005008907404963486,4.637877226818043e-05,0.01085345030004456,0.009259259259259259,0.010118546576879911,False,0.20075757575757575,27.222003772727273,27.97973528147343,0.7577315087461561,0.0
1,Quito,Pichincha,D,13,6-10,72,67,0.23971609600943655,0.1979920004445523,0.04172409556488424,0.018262974445969804,4.6118622338307584e-05,0.0008109860055164907,0.0025252525252525255,0.0011749438832772167,False,0.0,737.1358475000001,816.2163739583438,79.08052645834375,7.638888888888889
18,Quito,Pichincha,B,16,11-50,57,200,0.22064928441690015,0.16043730105801265,0.0602119833588875,0.022945979142910706,4.587264348856307e-05,0.000543959259034868,0.001999158249158249,0.0035072951739618407,False,0.0,955.0684561403509,1081.2685293734637,126.2000732331127,21.280701754385966
2,Quito,Pichincha,D,13,11-50,64,152,0.1943859810465414,0.13324893529680518,0.06113704574973622,0.02003063086969418,4.4962134387641254e-05,0.000474019629720022,0.002244668911335578,0.002665544332210999,False,0.0,1602.0030625,1861.7669174663235,259.76385496632355,22.234375
14,Riobamba,Chimborazo,C,7,6-10,51,69,0.23036806767215348,0.1703560212859172,0.06001204638623628,0.024048272614634006,4.3015639146546514e-05,0.0005305193223348474,0.0017887205387205388,0.001210016835016835,False,0.0,253.2549019607843,252.68069548840913,-0.5742064723751813,7.705882352941177
3,Quito,Pichincha,D,8,11-50,83,157,0.16136515234199686,0.10802383258579056,0.053341319756206304,0.014369563983832944,4.183059100231952e-05,0.00042362742528037926,0.002911054994388328,0.002753226711560045,False,0.0,3331.5617819277113,3732.6963624490636,401.13458052135275,20.289156626506024
51,Guayaquil,Guayas,A,17,1,28,96,0.35617365247423083,0.2914763376146761,0.06469731485955471,0.04190121532756949,4.1148780484425705e-05,0.0006962546077487637,0.0009820426487093155,0.0016835016835016834,False,0.0,143.61342857142856,155.31785107102655,11.704422499597987,1.0
6,Quito,Pichincha,D,13,11-50,67,155,0.2043852351320469,0.1562769068142926,0.0481083283177543,0.017350852736539003,4.0772556584880515e-05,0.0005486056952928999,0.0023498877665544334,0.0027181537598204267,False,0.0,1738.3574776119403,2027.0854559226866,288.72797831074644,22.238805970149254
5,Santo Domingo,Santo Domingo de los Tsachilas,D,4,11-50,56,160,0.20770325888326563,0.15110607796607675,0.05659718091718888,0.0203075969524388,3.9885852600188436e-05,0.00047354485192916426,0.001964085297418631,0.0028058361391694723,False,0.0,1299.4169107142857,1468.4767384557215,169.05982774143584,22.0
4,Quito,Pichincha,D,9,11-50,59,158,0.1866268380206808,0.12640224217388552,0.06022459584679529,0.018852049843011823,3.9010625025873235e-05,0.0004027974187096223,0.002069304152637486,0.002770763187429854,False,0.0,1428.3194576271187,1564.7244351652444,136.40497753812568,22.576271186440678
2,Quito,Pichincha,D,13,6-10,72,66,0.2319712016305018,0.1961032406267375,0.0358679610037643,0.01535415740159081,3.8773124751491936e-05,0.0007594288856867606,0.0025252525252525255,0.0011574074074074073,False,0.0,894.7821541666667,1080.9683598013698,186.18620563470301,7.930555555555555
39,Cuenca,Azuay,B,6,2-5,59,100,0.396469756752121,0.3724602271505283,0.024009529601592694,0.018461647210062826,3.820276323631127e-05,0.0018178523732902989,0.002069304152637486,0.0017536475869809204,False,0.0,108.87552542372882,133.570491388043,24.694965964314196,2.9322033898305087
4,Quito,Pichincha,D,9,1,33,86,0.41317382936753183,0.37150664582011045,0.04166718354742138,0.032695425385721316,3.7841927529770036e-05,0.001104246475204168,0.0011574074074074073,0.0015081369248035915,False,0.0,44.67327272727273,48.14123763013692,3.467964902864189,1.0
13,Latacunga,Cotopaxi,C,15,11-50,56,173,0.2601688180611803,0.2208672342152328,0.03930158384594751,0.018905478741465045,3.7131972836771976e-05,0.0007429934516461023,0.001964085297418631,0.003033810325476992,False,0.0,1461.1794642857144,1369.3144655611538,-91.86499872456035,26.875
1,Quito,Pichincha,D,13,11-50,49,156,0.20583307497055248,0.14437828940240374,0.061454785568148734,0.02152216430106883,3.698744566331273e-05,0.0004069235975539339,0.0017185746352413019,0.002735690235690236,False,0.0,1277.2816118367348,1423.9100733591993,146.6284615224648,23.73469387755102
52,Manta,Manabi,A,11,11-50,76,154,0.19519680409985474,0.15594910520964075,0.03924769889021398,0.013781668915109468,3.673564946507855e-05,0.0005676040284221473,0.002665544332210999,0.002700617283950617,False,0.0,2556.510092105263,2930.7401733527477,374.2300812474845,21.0
10,Quito,Pichincha,C,15,6-10,53,73,0.23746395953576552,0.1919929498773082,0.04547100965845732,0.019527839275813107,3.6299645118479754e-05,0.0005858113083250369,0.0018588664421997755,0.0012801627384960719,False,0.0,203.02858490566035,194.2866568561932,-8.74192804946721,7.339622641509434
40,Machala,El Oro,C,3,11-50,62,175,0.33015460849024975,0.30429421320479993,0.02586039528544981,0.016407097317421848,3.5677610608871866e-05,0.001324685822406453,0.0021745230078563413,0.0030688832772166105,False,0.0,2152.258661129032,2103.666689898197,-48.591971230835256,20.725806451612904
50,Ambato,Tungurahua,A,14,6-10,63,69,0.24671779909934735,0.21219363154207205,0.034524167557275304,0.015843535125413297,3.500781119882989e-05,0.000751671328490693,0.0022095959595959595,0.001210016835016835,False,0.0,1240.10473015873,1513.1274096528198,273.0226794940896,8.206349206349206
9,Quito,Pichincha,B,6,0,249,575,0.45539776409909016,0.4510101538214328,0.004387610277657383,0.003976964696418145,3.4731488826042304e-05,0.010122029676493479,0.008733164983164983,0.010083473625140291,False,0.19678714859437751,47.83818046385542,45.34242638385076,-2.4957540800046627,0.0
23,Ambato,Tungurahua,D,9,11-50,51,154,0.20719423545800583,0.15481732116856278,0.05237691428944305,0.018961048273217644,3.3916016481976007e-05,0.0004291528331345157,0.0017887205387205388,0.002700617283950617,False,0.0,1041.7988823529413,1222.8278507972004,181.02896844425914,23.176470588235293
8,Quito,Pichincha,D,8,11-50,61,149,0.1540389810516009,0.09379375558014648,0.06024522547145443,0.014930739097587202,3.1943570600197085e-05,0.00028371191848789584,0.0021394500561167226,0.002612934904601571,False,0.0,2401.7402786885245,2660.968369397717,259.228090709193,22.229508196721312
28,Guayaquil,Guayas,E,10,51+,25,45,0.24474764708431979,0.15501545952617504,0.08973218755814474,0.03587161806119953,3.145308822706188e-05,0.00029353745906216227,0.0008768237934904602,0.0007891414141414141,False,0.0,4302.95644,3721.173411585181,-581.7830284148191,74.84
29,Guayaquil,Guayas,E,10,2-5,42,83,0.4365102424414329,0.41395687303130185,0.02255336941013103,0.01918089902642514,2.8254691326804713e-05,0.001568644888993612,0.001473063973063973,0.001455527497194164,False,0.0,209.94526190476194,221.54372062490395,11.598458720142055,3.4761904761904763
28,Guayaquil,Guayas,E,10,2-5,45,88,0.4425027661899689,0.4221342023846774,0.020368563805291506,0.017611413262826475,2.7795791134511483e-05,0.0017271536105073239,0.0015782828282828283,0.0015432098765432098,False,0.0,359.0559777777778,392.24185787498453,33.18588009720677,3.422222222222222
34,Guayaquil,Guayas,B,6,11-50,66,179,0.1977005072285366,0.16533733156551747,0.032363175663019134,0.01174905734921479,2.7196892012071272e-05,0.000505645298879353,0.0023148148148148147,0.0031390291806958474,False,0.0,1125.533485,1100.6601787809304,-24.873306219069498,18.636363636363637
28,Guayaquil,Guayas,E,10,11-50,66,187,0.21272377407012236,0.18347824007292723,0.029245533997195122,0.011587139474377742,2.6822082116615142e-05,0.0005854131392752205,0.0023148148148148147,0.003279320987654321,False,0.0,1528.6341212121213,1527.926111362584,-0.7080098495373202,22.393939393939394
10,Quito,Pichincha,C,15,11-50,50,163,0.2851354196753496,0.2581369694988305,0.026998450176519084,0.014667512531397572,2.5721647957697764e-05,0.0007968174078458286,0.0017536475869809204,0.0028584455667789,False,0.0,1124.20256,1043.5036465487487,-80.69891345125141,22.9
47,Quito,Pichincha,A,14,1,36,105,0.2956119196185414,0.26038474141420087,0.035227178204340515,0.019586193459218706,2.4730042246488265e-05,0.0006166416502241632,0.0012626262626262627,0.0018413299663299664,False,0.0,223.37761111111112,239.36137582519586,15.983764714084742,1.0
1,Quito,Pichincha,D,13,1,32,78,0.3637268138596871,0.3329596627045899,0.030767151155097205,0.021435058132165202,2.4057304300971045e-05,0.000829826092085235,0.001122334455667789,0.001367845117845118,False,0.0,45.4996246875,45.60488377849951,0.1052590909995102,1.0
36,Libertad,Guayas,E,10,6-10,51,58,0.2210128701891548,0.1882054833632936,0.03280738682586121,0.013425384821237202,2.401426156997395e-05,0.0004883056804535681,0.0017887205387205388,0.0010171156004489337,False,0.0,437.33384117647057,432.9519088479469,-4.381932328523708,7.8431372549019605
54,El Carmen,Manabi,C,3,11-50,54,152,0.31979312227562695,0.29957801701885123,0.020215105256775723,0.012520652773846994,2.3713357526225366e-05,0.0010824764816636334,0.001893939393939394,0.002665544332210999,False,0.0,2238.4987592592593,1927.8149899262387,-310.6837693330204,25.037037037037038
39,Cuenca,Azuay,B,6,6-10,63,76,0.22983319441108807,0.20518203704531274,0.024651157365775334,0.010723628927140925,2.3694887149616942e-05,0.0006523077332434602,0.0022095959595959595,0.0013327721661054994,False,0.0,593.2510476190477,669.4770490934695,76.22600147442192,7.888888888888889
15,Ibarra,Imbabura,C,15,11-50,50,175,0.20835279928769787,0.17351536100309506,0.03483743828460281,0.013303308466985318,2.3329314791991647e-05,0.0004254564920569415,0.0017536475869809204,0.0030688832772166105,False,0.0,1033.51324,1011.6357523730412,-21.877487626958747,24.18
53,Manta,Manabi,D,13,11-50,55,146,0.1718385248267851,0.1326312625353894,0.039207262291395706,0.011937426812914254,2.302744369775126e-05,0.00031833928185869844,0.0019290123456790122,0.0025603254769921437,False,0.0,1446.906218,1591.250366273368,144.34414827336792,23.618181818181817
23,Ambato,Tungurahua,D,9,6-10,65,61,0.1902117731479014,0.16183816295031264,0.028373610197588744,0.009988927656936746,2.2772176546748332e-05,0.0004609720736057079,0.0022797418630751964,0.0010697250280583613,False,0.0,482.7444306153846,531.2354940102891,48.49106339490452,7.384615384615385
4,Quito,Pichincha,D,9,2-5,43,91,0.2858729540214403,0.26062036441056535,0.025252589610874954,0.013800371495448646,2.0812849828293064e-05,0.0006888125726915258,0.0015081369248035915,0.0015958193041526374,False,0.0,173.4820000232558,191.15365717740886,17.671657154153028,3.511627906976744
36,Libertad,Guayas,E,10,2-5,38,101,0.3670156854931695,0.34551576348068946,0.02149992201248002,0.015319370584377351,2.0417230717113472e-05,0.0010033196518874732,0.0013327721661054994,0.0017711840628507295,False,0.0,210.9185,213.63982202425126,2.721322024251257,3.5789473684210527
37,Cuenca,Azuay,D,2,1,37,86,0.3988635171886829,0.37895378651940237,0.019909730669280534,0.015486133026733934,2.009634266235815e-05,0.0011538167102072123,0.001297699214365881,0.0015081369248035915,False,0.0,113.69116216216217,119.03089921440736,5.339737052245181,1.0
22,Puyo,Pastaza,C,7,2-5,61,88,0.4740573492546844,0.46532346538472896,0.008733883869955439,0.008204442944724805,1.7552995918497933e-05,0.0026870643913455717,0.0021394500561167226,0.0015432098765432098,False,0.0,207.36977049180328,209.94525171576174,2.5754812239584526,3.557377049180328
20,Quito,Pichincha,B,6,51+,25,57,0.19842910527130392,0.1411793007035704,0.057249804567733514,0.019442514871621058,1.7047659644729462e-05,0.00019294664355459356,0.0008768237934904602,0.0009995791245791246,False,0.0,4556.0607199999995,4197.492776794802,-358.56794320519816,79.92
32,Guayaquil,Guayas,C,3,6-10,24,48,0.33528449052614745,0.3094365009816065,0.025847989544540928,0.01666474144763848,1.402756014110983e-05,0.0005288404203942883,0.0008417508417508417,0.0008417508417508417,False,0.0,198.25,160.0353477035739,-38.2146522964261,7.291666666666667
24,Guayaquil,Guayas,D,1,11-50,74,153,0.15549420421548052,0.1378175380674715,0.01767666614800903,0.005184773745626609,1.3456553632728994e-05,0.0003507087513046648,0.002595398428731762,0.002683080808080808,False,0.0,2017.079418918919,2248.0320561701988,230.95263725127984,20.89189189189189
54,El Carmen,Manabi,C,3,51+,11,25,0.25368258065475074,0.17409602052692158,0.07958656012782916,0.03404542736434382,1.3134809939947464e-05,0.00013875877284746647,0.00038580246913580245,0.0004384118967452301,False,0.0,2312.1661818181815,2170.5178093130553,-141.64837250512673,63.09090909090909
48,Quito,Pichincha,A,14,1,31,109,0.46198984871950644,0.44938423334634664,0.012605615373159795,0.011488431139588723,1.249092891860446e-05,0.0012969195319026971,0.0010872615039281706,0.0019114758698092031,False,0.0,207.3562593548387,211.74377014237356,4.387510787534861,1.0
19,Guaranda,Bolivar,C,15,11-50,54,181,0.18175395180160087,0.16307748006310574,0.018676471738495126,0.0064402344917660025,1.2197413810162884e-05,0.00034966161219078886,0.001893939393939394,0.0031741021324354656,False,0.0,1515.74287,1544.6973003083226,28.954430308322454,22.962962962962962
4,Quito,Pichincha,D,9,51+,7,38,0.245919962638748,0.10667200949059748,0.13924795314815053,0.04909771041548109,1.2054011395495497e-05,8.297974187749443e-05,0.00024551066217732886,0.0006663860830527497,False,0.0,2050.6698571428574,2112.824674198423,62.15481705556598,95.0
3,Quito,Pichincha,D,8,2-5,44,62,0.2603289622448293,0.2450256972766624,0.015303264968166919,0.007733576257555171,1.1934531261659215e-05,0.0005844994703353552,0.0015432098765432098,0.0010872615039281706,False,0.0,104.36179545454546,107.2993596933764,2.937564238830943,2.75
3,Quito,Pichincha,D,8,6-10,55,98,0.17947806896193247,0.1616330975617506,0.017844971400181875,0.0060871190108978054,1.1742127721639285e-05,0.00034727373431007693,0.0019290123456790122,0.0017185746352413019,False,0.0,2458.6897781090906,2700.677441168453,241.98766305936178,8.49090909090909
15,Ibarra,Imbabura,C,15,2-5,49,104,0.34019354775836275,0.33006084990518364,0.010132697853179107,0.006791485296289271,1.1671674365816998e-05,0.0011115645707713347,0.0017185746352413019,0.001823793490460157,False,0.0,156.09769387755102,176.61059479822808,20.512900920677037,3.306122448979592
10,Quito,Pichincha,C,15,51+,15,20,0.20626792511502837,0.1428432942150797,0.06342463089994865,0.02214225022904313,1.1648911105346765e-05,0.00012509533951845248,0.0005260942760942761,0.00035072951739618404,False,0.0,2172.6725333333334,1894.9868234923574,-277.6857098409759,60.86666666666667
17,Quito,Pichincha,C,12,11-50,55,174,0.15720535194112215,0.13747010219846778,0.019735249742654365,0.0058154936804749,1.1218159105854361e-05,0.0002664304234728791,0.0019290123456790122,0.0030513468013468013,False,0.0,1467.496654909091,1542.6807735087352,75.18411859964426,18.581818181818182
54,El Carmen,Manabi,C,3,6-10,47,79,0.19784808387721442,0.18013646373642972,0.0177116201407847,0.006694718726419219,1.1035766699694979e-05,0.00036061851963451987,0.0016484287317620652,0.001385381593714927,False,0.0,208.93710638297873,220.2907733617118,11.353666978733072,7.595744680851064
13,Latacunga,Cotopaxi,C,15,6-10,49,67,0.24157632223967399,0.22845260715385915,0.013123715085814835,0.006168525751451298,1.0601071893276994e-05,0.0005605202173856129,0.0017185746352413019,0.0011749438832772167,False,0.0,178.83673469387756,175.51851558915627,-3.318219104721294,7.408163265306122
46,Quito,Pichincha,A,14,1,33,90,0.27395644659213014,0.2583899478023859,0.015566498789744254,0.00828676950406694,9.591168407484884e-06,0.0004854711876967051,0.0011574074074074073,0.0015782828282828283,False,0.0,165.19563636363637,168.26613674629175,3.0705003826553856,1.0
36,Libertad,Guayas,E,10,51+,23,41,0.18518821594007373,0.15404180160271627,0.03114641433735746,0.010565798682056784,8.52319618712493e-06,0.0001546112184826558,0.0008066778900112234,0.0007189955106621773,False,0.0,3019.9171304347824,2792.8971122818098,-227.02001815297305,76.73913043478261
8,Quito,Pichincha,D,8,51+,9,50,0.18663843794634188,0.09094923603825847,0.09568920190808342,0.026562142983107655,8.384514830526407e-06,6.145131242954077e-05,0.0003156565656565657,0.0008768237934904602,False,0.0,3406.6673333333333,3642.573683582919,235.90635024958567,99.44444444444444
53,Manta,Manabi,D,13,6-10,67,49,0.22908490440838053,0.2211929038233227,0.007892000585057818,0.0035535927260031547,8.350544074151634e-06,0.0006892142025502517,0.0023498877665544334,0.0008592873176206509,False,0.0,690.7059702985074,796.030894688654,105.32492439014649,8.164179104477611
40,Machala,El Oro,C,3,51+,22,47,0.1698844336835288,0.1350660111232635,0.034818422560265294,0.010617893447223754,8.192819017919564e-06,0.00012445613952325688,0.0007716049382716049,0.0008242143658810326,False,0.0,4874.0050909090905,4304.872031219133,-569.1330596899577,74.5909090909091
9,Quito,Pichincha,B,6,51+,25,55,0.1673643945843611,0.1389220837844347,0.028442310799926374,0.008711495211580215,7.638446278391743e-06,0.0001372627266212748,0.0008768237934904602,0.0009645061728395061,False,0.0,5047.29192,4626.004249800083,-421.2876701999168,84.96
11,Cayambe,Pichincha,B,6,51+,25,57,0.18861451692612405,0.16429061905132974,0.024323897874794304,0.008584028487005981,7.52668042140676e-06,0.00017433183886248426,0.0008768237934904602,0.0009995791245791246,False,0.0,5527.3186,5249.634536492621,-277.68406350737934,80.36
31,Babahoyo,Los Rios,B,10,11-50,58,180,0.24303581326864532,0.2359407851850211,0.007095028083624222,0.003398352417427565,6.9130345191778465e-06,0.0006715139125577051,0.0020342312008978674,0.0031565656565656565,False,0.0,1618.2926551724138,1664.7092988902925,46.41664371787873,22.137931034482758
27,Daule,Guayas,D,1,11-50,59,146,0.14903563204034373,0.13782593303085267,0.011209699009491064,0.00321563180183964,6.654120240899928e-06,0.00025687314928421066,0.002069304152637486,0.0025603254769921437,False,0.0,1848.368593898305,2052.6968024338407,204.3282085355355,23.10169491525424
29,Guayaquil,Guayas,E,10,11-50,65,187,0.18088005455728445,0.1738150502107294,0.007065004346555048,0.0025059224568878234,5.7128563305874205e-06,0.0004168513271169544,0.0022797418630751964,0.003279320987654321,False,0.0,1390.5914613846155,1340.7912407437216,-49.80022064089371,22.03076923076923
39,Cuenca,Azuay,B,6,51+,24,54,0.17330041272938262,0.1533347865143445,0.019965626215038113,0.006521476296774759,5.489458162268316e-06,0.00014128527684458304,0.0008417508417508417,0.000946969696969697,False,0.0,4155.7422541666665,4308.750909972091,153.0086558054242,87.25
14,Riobamba,Chimborazo,C,7,51+,15,21,0.1899551766074424,0.16234126136349114,0.027613915243951265,0.009728283978875298,5.117994517505944e-06,0.00010609135515534564,0.0005260942760942761,0.00036826599326599327,False,0.0,2359.6032666666665,2234.0981098243906,-125.50515684227645,64.86666666666666
44,Quito,Pichincha,A,5,51+,9,55,0.15473005656301878,0.10465560242775936,0.05007445413525942,0.01298859528447776,4.099935380201313e-06,4.2235568982448076e-05,0.0003156565656565657,0.0009645061728395061,False,0.0,6856.977333333332,6701.518261989369,-155.45907134396427,103.88888888888889
47,Quito,Pichincha,A,14,51+,10,56,0.1436580670012239,0.09718406875082945,0.04647399825039446,0.01119289699556219,3.925679361518726e-06,4.0452606330490256e-05,0.00035072951739618404,0.0009820426487093155,False,0.0,6476.5987000000005,6001.653073516482,-474.945626483518,95.2
17,Quito,Pichincha,C,12,51+,25,46,0.12266495368518822,0.10353435199724104,0.019130601687947182,0.004327328819100761,3.7943048708445227e-06,7.373394628863937e-05,0.0008768237934904602,0.0008066778900112234,False,0.0,3408.34876,3578.2954210198054,169.94666101980545,70.64
48,Quito,Pichincha,A,14,51+,7,51,0.1712780795622612,0.12053062465087869,0.05074745491138252,0.014808549059805281,3.6356566855582554e-06,4.025205717130058e-05,0.00024551066217732886,0.0008943602693602694,False,0.0,5410.931142857144,4678.725461845163,-732.2056810119794,105.14285714285714
15,Ibarra,Imbabura,C,15,51+,19,28,0.14557919146283113,0.12653986124021818,0.01903933022261295,0.00518096450427797,3.4525226424411277e-06,7.892937759547996e-05,0.0006663860830527497,0.0004910213243546577,False,0.0,2235.201947368421,2264.343997291053,29.142049922631625,69.36842105263158
6,Quito,Pichincha,D,13,51+,8,42,0.14485258287789263,0.09348139323904238,0.05137118963885025,0.012243499884484277,3.4353254445803246e-06,3.290250359671594e-05,0.0002805836139169473,0.0007365319865319865,False,0.0,3049.46037125,3209.9654950701015,160.50512382010152,89.125
32,Guayaquil,Guayas,C,3,51+,8,18,0.20308057232277144,0.1733290131875564,0.029751559135215044,0.011198772042372303,3.142191931080893e-06,6.467154189682507e-05,0.0002805836139169473,0.0003156565656565657,False,0.0,1006.950875,843.6040937220185,-163.3467812779814,60.0
22,Puyo,Pastaza,C,7,51+,16,29,0.17276200270012912,0.1566542301686581,0.016107772531471026,0.005306161747224508,2.977644078128231e-06,9.360583324267964e-05,0.0005611672278338945,0.0005085578002244669,False,0.0,2140.3909375,2050.9763792220256,-89.41455827797463,69.8125
2,Quito,Pichincha,D,13,51+,7,46,0.1452661751614151,0.0968840020079028,0.0483821731535123,0.011715751800959616,2.8763419825588282e-06,2.895432965800804e-05,0.00024551066217732886,0.0008066778900112234,False,0.0,2768.2472857142857,3046.009041800496,277.7617560862105,102.0
50,Ambato,Tungurahua,A,14,51+,8,50,0.14083335550243473,0.0988297924549382,0.04200356304749653,0.010066706145389001,2.8245527905131877e-06,3.110194235000725e-05,0.0002805836139169473,0.0008768237934904602,False,0.0,3801.763875,3919.8108817720604,118.04700677206024,103.0
27,Daule,Guayas,D,1,51+,5,39,0.17422761489328306,0.12264324387671136,0.051584371016571706,0.015313896522799655,2.685517768448312e-06,2.975023894549079e-05,0.00017536475869809202,0.000683922558922559,False,0.0,2599.8274,2932.795717338099,332.9683173380995,116.6
7,Quito,Pichincha,D,8,51+,7,44,0.17004929241711939,0.13781577462728842,0.03223351778983097,0.009923574115443427,2.4363432522483162e-06,3.967657445143579e-05,0.00024551066217732886,0.0007716049382716049,False,0.0,4003.9958571428574,4341.455829726106,337.45997258324894,106.85714285714286
12,Latacunga,Cotopaxi,C,15,51+,14,27,0.13934323488855863,0.12176771934061642,0.017575515547942205,0.0045891596357928895,2.2533752420419634e-06,5.3282707390068155e-05,0.0004910213243546577,0.0004734848484848485,False,0.0,2158.1360714285715,2252.3734149216084,94.23734349303689,68.14285714285714
19,Guaranda,Bolivar,C,15,6-10,55,62,0.18821167575128675,0.18613469571381255,0.0020769800374741965,0.0007775099406339067,1.499826274370962e-06,0.0003818935150228207,0.0019290123456790122,0.0010872615039281706,False,0.0,227.4181818181818,240.631463787445,13.213281969263166,7.4363636363636365
28,Guayaquil,Guayas,E,10,6-10,46,72,0.2315850510054375,0.22972435958169513,0.0018606914237423722,0.0008583544639711241,1.384831135755882e-06,0.00048357667712247413,0.0016133557800224467,0.0012626262626262627,False,0.0,499.26158695652174,550.4550474792388,51.19346052271708,7.804347826086956
19,Guaranda,Bolivar,C,15,51+,16,29,0.1394515260097068,0.13065760572416604,0.008793920285540768,0.0023753181728643075,1.3329507142897347e-06,6.098920832640125e-05,0.0005611672278338945,0.0005085578002244669,False,0.0,2372.6488125,2404.8916229949486,32.24281049494856,65.0625
25,Salinas,Santa Elena,D,1,51+,4,20,0.27011320400318944,0.25197995844637927,0.018133245556810174,0.009467243518229626,1.3281767000883314e-06,5.7205540237844753e-05,0.00014029180695847364,0.00035072951739618404,False,0.0,2144.7465,1719.6773810661123,-425.0691189338877,108.5
3,Quito,Pichincha,D,8,1,33,102,0.2716149281219232,0.269716688203148,0.0018982399187752463,0.0010275772834033858,1.1893255594946595e-06,0.0004772079627709954,0.0011574074074074073,0.0017887205387205388,False,0.0,186.87127272727275,196.52412649433424,9.652853767061515,1.0
34,Guayaquil,Guayas,B,6,51+,25,43,0.1284729876878786,0.12433711686918311,0.004135870818695486,0.0010455899341089044,9.167981324608098e-07,8.088167334308233e-05,0.0008768237934904602,0.0007540684624017958,False,0.0,2989.1079200000004,2837.0431505544757,-152.06476944552412,71.84
3,Quito,Pichincha,D,8,51+,8,54,0.10242607121503206,0.09125646967217957,0.011169601542852486,0.002163356807517388,6.070024712450583e-07,1.6451196414835712e-05,0.0002805836139169473,0.000946969696969697,False,0.0,5093.23325,5321.611004107781,228.3777541077808,102.25
13,Latacunga,Cotopaxi,C,15,51+,5,13,0.15868567382047885,0.15060734958850772,0.008078324231971135,0.0024985693257844298,4.3816100690664104e-07,2.4679247656483614e-05,0.00017536475869809202,0.00022797418630751963,False,0.0,1968.6,1701.532371911201,-267.0676280887989,66.2
49,Quito,Pichincha,A,11,51+,9,51,0.11238159048409314,0.10629206691629191,0.006089523567801236,0.0013316183903969402,4.20334087877822e-07,2.228021251575887e-05,0.0003156565656565657,0.0008943602693602694,False,0.0,5657.180222222222,6039.668433339204,382.488211116982,104.22222222222223
51,Guayaquil,Guayas,A,17,51+,6,42,0.10592713680224643,0.0962215837759506,0.009705553026295832,0.0019619651267695493,4.1287144923601623e-07,1.3196300258648538e-05,0.00021043771043771043,0.0007365319865319865,False,0.0,5035.734833333333,5067.3195260079,31.58469267456628,110.83333333333333
43,Esmeraldas,Esmeraldas,E,10,1,48,71,0.4182725340348456,0.4185127660462365,-0.00024023201139089512,-0.00020102261574084235,0.0,0.0016460628123249443,0.0016835016835016834,0.0012450897867564534,False,0.0,93.30804166666667,81.92198484552146,-11.386056821145198,1.0
53,Manta,Manabi,D,13,0,318,634,0.4563589716926398,0.4568240699367418,-0.0004650982441020135,-0.00042471982920558315,0.0,0.012981556770013494,0.011153198653198653,0.011118125701459034,False,0.20754716981132076,37.15934905660377,37.50973714135181,0.35038808474803956,0.0
34,Guayaquil,Guayas,B,6,6-10,38,57,0.1866271899179307,0.18719989163654127,-0.0005727017186105687,-0.00021409141206941984,0.0,0.0002594298242899972,0.0013327721661054994,0.0009995791245791246,False,0.0,261.89992105263156,279.12175747448566,17.221836421854064,6.894736842105263
24,Guayaquil,Guayas,D,1,51+,6,42,0.10816059577421597,0.10873731031248113,-0.0005767145382651606,-0.0001250881757594701,0.0,1.3758651273345706e-05,0.00021043771043771043,0.0007365319865319865,False,0.0,3613.6113333333337,3740.714058768914,127.10272543558092,111.66666666666667
15,Ibarra,Imbabura,C,15,0,292,616,0.48701042783550463,0.4886240945979346,-0.001613666762429966,-0.0015743490011300432,0.0,0.013575187708427831,0.010241301907968575,0.010802469135802469,False,0.2773972602739726,13.701123267123288,13.024693719670369,-0.6764295474529197,0.0
1,Quito,Pichincha,D,13,0,314,623,0.4434886145402913,0.4459701311396842,-0.0024815165993928856,-0.0022072066418800385,0.0,0.012105453645262342,0.01101290684624018,0.010925224466891134,False,0.21656050955414013,43.58841724522293,46.705083596620426,3.116666351397496,0.0
1,Quito,Pichincha,D,13,2-5,56,103,0.24606638110777634,0.24897028569963897,-0.002903904591862627,-0.0014375392498824288,0.0,0.0006646286562653549,0.001964085297418631,0.001806257014590348,False,0.0,173.53351785714287,204.05967374299257,30.526155885849715,3.5
9,Quito,Pichincha,B,6,2-5,40,85,0.33964820398151113,0.34293291281984406,-0.003284708838332928,-0.002242080227236584,0.0,0.0009044927859877164,0.0014029180695847362,0.0014906004489337822,False,0.0,93.962100025,93.46458235017322,-0.4975176748267797,2.775
51,Guayaquil,Guayas,A,17,11-50,69,149,0.1717064973726641,0.17513762315657191,-0.003431125783907807,-0.001190065804944681,0.0,0.0003987576429849237,0.00242003367003367,0.002612934904601571,False,0.0,2757.536898550725,3100.337454541714,342.80055599098966,22.246376811594203
43,Esmeraldas,Esmeraldas,E,10,11-50,54,175,0.17137743953900703,0.1748319602142803,-0.0034545206752732704,-0.0011959875294216722,0.0,0.00031087624028241964,0.001893939393939394,0.0030688832772166105,False,0.0,2171.7403703703703,2234.5721107387253,62.8317403683552,20.666666666666668
41,Machala,El Oro,D,4,0,327,631,0.41746963291818273,0.42138597398667554,-0.003916341068492812,-0.003285244663856962,0.0,0.01117079299234581,0.011468855218855219,0.011065516273849607,False,0.18654434250764526,41.04520181651376,40.32811776107779,-0.7170840554359654,0.0
51,Guayaquil,Guayas,A,17,0,307,595,0.42768808989048807,0.43171987686315205,-0.0040317869726639866,-0.0034649498445609717,0.0,0.011007258336800194,0.01076739618406285,0.010434203142536475,False,0.1791530944625407,98.00151801302931,101.63371021105355,3.6321921980242466,0.0
12,Latacunga,Cotopaxi,C,15,6-10,57,72,0.2207237642188878,0.22508151423937048,-0.004357750020482665,-0.0019427079613327583,0.0,0.0005443265461142035,0.001999158249158249,0.0012626262626262627,False,0.0,209.2809298245614,225.75865090719344,16.477721082632023,7.842105263157895
18,Quito,Pichincha,B,16,51+,25,40,0.1441835269870372,0.14995480318874116,-0.005771276201703951,-0.0016975535449524105,0.0,0.00010187268898066563,0.0008768237934904602,0.0007014590347923681,False,0.0,2429.94816,2411.8750080094055,-18.073151990594507,79.28
52,Manta,Manabi,A,11,0,300,577,0.4137772818593628,0.42101314631101033,-0.0072358644516475334,-0.006040430383773637,0.0,0.010067949085717513,0.010521885521885523,0.010118546576879911,False,0.15333333333333332,78.59131976766668,89.07915117510409,10.487831407437426,0.0
11,Cayambe,Pichincha,B,6,1,43,89,0.45382590630130715,0.4614344797021593,-0.007608573400852137,-0.006963825827799669,0.0,0.0017359351378844292,0.0015081369248035915,0.0015607463524130191,False,0.0,51.22555790697674,49.3364111807701,-1.8891467262066381,1.0
28,Guayaquil,Guayas,E,10,0,297,584,0.5021005720471615,0.5100353853220664,-0.007934813274904862,-0.008031109830541783,0.0,0.014676562651635661,0.010416666666666666,0.010241301907968575,False,0.23905723905723905,25.1183332996633,25.668912008806615,0.5505787091433164,0.0
53,Manta,Manabi,D,13,2-5,50,109,0.2943340769728762,0.30227243070618454,-0.007938353733308312,-0.004736073497550078,0.0,0.0008490584093708252,0.0017536475869809204,0.0019114758698092031,False,0.0,513.3252580000001,554.1983089462035,40.87305094620344,3.38
37,Cuenca,Azuay,D,2,2-5,47,76,0.389932529290786,0.3989141284559385,-0.00898159916515251,-0.007085104482651344,0.0,0.0014007584877240471,0.0016484287317620652,0.0013327721661054994,False,0.0,116.8782765957447,137.8086943110047,20.930417715260013,3.0425531914893615
23,Ambato,Tungurahua,D,9,1,41,67,0.3701668978607025,0.3792595998271947,-0.0090927019664922,-0.006814311789268113,0.0,0.0011011981845154028,0.0014379910213243546,0.0011749438832772167,False,0.0,44.22724390243903,45.73988621752969,1.5126423150906687,1.0
29,Guayaquil,Guayas,E,10,6-10,50,71,0.19688960906238434,0.20615467757897635,-0.009265068516592007,-0.003734232930953152,0.0,0.00037992867132359564,0.0017536475869809204,0.0012450897867564534,False,0.0,465.7712,497.4551710379177,31.68397103791765,7.46
5,Santo Domingo,Santo Domingo de los Tsachilas,D,4,51+,7,37,0.09918542269124903,0.10886849559646351,-0.009683072905214488,-0.0020146012589954583,0.0,1.3498335184060696e-05,0.00024551066217732886,0.0006488496071829405,False,0.0,2128.6428571428573,2260.8705744822632,132.22771733940633,92.71428571428571
31,Babahoyo,Los Rios,B,10,51+,23,48,0.14284263746444817,0.15384391614134107,-0.011001278676892906,-0.003263931455904215,0.0,9.198775675359906e-05,0.0008066778900112234,0.0008417508417508417,False,0.0,3963.396743478261,3846.6203198380417,-116.7764236402195,79.47826086956522
27,Daule,Guayas,D,1,0,310,597,0.43057168336615625,0.44186799307763985,-0.011296309711483599,-0.009855348789695656,0.0,0.01126520488796323,0.010872615039281707,0.010469276094276093,False,0.15483870967741936,62.43245800483871,62.897385594604906,0.46492758976619114,0.0
3,Quito,Pichincha,D,8,0,305,583,0.35948567446872487,0.37164003212274055,-0.01215435765401568,-0.008886363327957614,0.0,0.007725907200434011,0.010697250280583614,0.010223765432098766,False,0.1540983606557377,245.35974445901638,239.1378577726272,-6.221886686389207,0.0
46,Quito,Pichincha,A,14,0,265,592,0.34738541712268295,0.3604204492397419,-0.013035032117058976,-0.009226272200676983,0.0,0.006268382819930851,0.009294332210998877,0.010381593714927048,False,0.1471698113207547,132.93941918113208,134.11967213888846,1.1802529577563665,0.0
38,Loja,Loja,D,4,51+,4,39,0.09036605606264873,0.10373469353827387,-0.01336863747562514,-0.0025948625551618244,0.0,6.4026110407230465e-06,0.00014029180695847364,0.000683922558922559,False,0.0,3885.9415,3611.511256025773,-274.430243974227,122.75
41,Machala,El Oro,D,4,1,22,77,0.4123011938240616,0.42732937157626544,-0.01502817775220383,-0.012618117383019517,0.0,0.0007330579982719956,0.0007716049382716049,0.0013503086419753086,False,0.0,114.1255,114.87393282025924,0.7484328202592472,1.0
24,Guayaquil,Guayas,D,1,2-5,42,100,0.2796759874483046,0.29477042695420586,-0.01509443950590128,-0.008670946651580608,0.0,0.000643941065416876,0.001473063973063973,0.0017536475869809204,False,0.0,193.91895238095236,211.73284274765032,17.81389036669796,3.4285714285714284
12,Latacunga,Cotopaxi,C,15,2-5,56,80,0.3514618425519605,0.36669956732796677,-0.015237724776006267,-0.010943145908498972,0.0,0.0013559099921476535,0.001964085297418631,0.0014029180695847362,False,0.0,125.59162535714286,144.21123516726095,18.61960981011809,3.267857142857143
19,Guaranda,Bolivar,C,15,1,47,61,0.6349693979985368,0.6502202769432961,-0.015250878944759294,-0.019600272153592502,0.0,0.0037144106813824097,0.0016484287317620652,0.0010697250280583613,False,0.0,34.58397872340426,39.59375724066061,5.009778517256354,1.0
41,Machala,El Oro,D,4,2-5,39,103,0.48318061271508067,0.498640032724055,-0.015459420008974323,-0.015178377731325882,0.0,0.001784719951215711,0.001367845117845118,0.001806257014590348,False,0.0,169.56958974358975,195.98884667482193,26.419256931232212,3.2564102564102564
43,Esmeraldas,Esmeraldas,E,10,51+,25,43,0.11306263455674251,0.1285881870984516,-0.015525552541709092,-0.00375176252835489,0.0,6.264186539483493e-05,0.0008768237934904602,0.0007540684624017958,False,0.0,3662.41848,3619.5879125317365,-42.83056746826336,73.44
45,Quito,Pichincha,A,11,2-5,52,69,0.4006005452212867,0.41787172438704506,-0.017271179165758377,-0.014135981210610382,0.0,0.0016357347757696204,0.001823793490460157,0.001210016835016835,False,0.0,180.86967307692308,190.01813844318337,9.148465366260302,2.9038461538461537
15,Ibarra,Imbabura,C,15,1,53,65,0.494024458165702,0.5113676921104027,-0.017343233944700664,-0.017436751268404077,0.0,0.0025354744691877887,0.0018588664421997755,0.0011398709315375982,False,0.0,40.54367924528302,40.53601757599767,-0.007661669285346588,1.0
42,Cuenca,Azuay,D,2,51+,5,37,0.06695752542070996,0.0843514048824454,-0.017393879461735443,-0.0026318492951772146,0.0,4.3939515641361206e-06,0.00017536475869809202,0.0006488496071829405,False,0.0,2762.6536,2849.7290002370037,87.07540023700358,118.0
35,Playas,Guayas,C,3,11-50,57,164,0.22186659769430314,0.2392606103374149,-0.017394012643111745,-0.00802085248658653,0.0,0.0005499778183935875,0.001999158249158249,0.0028759820426487092,False,0.0,1055.5593859649123,973.7717920959396,-81.78759386897256,24.54385964912281
46,Quito,Pichincha,A,14,51+,8,52,0.08901526663913949,0.10648029004141231,-0.017465023402272822,-0.003414334472466189,0.0,1.2425259060676521e-05,0.0002805836139169473,0.0009118967452300785,False,0.0,6146.738375,5975.616147209614,-171.1222277903859,105.75
30,Guayaquil,Guayas,C,3,1,51,62,0.4369290167775951,0.45529022906249517,-0.018361212284900064,-0.016382226977543296,0.0,0.0019084396117977098,0.0017887205387205388,0.0010872615039281706,False,0.0,77.34398039215687,81.44756949253548,4.103589100378627,1.0
43,Esmeraldas,Esmeraldas,E,10,6-10,58,61,0.16488332672141573,0.1834184855911694,-0.018535158869753682,-0.0064558294258369,0.0,0.000309077896079728,0.0020342312008978674,0.0010697250280583613,False,0.0,444.87256896551725,457.39243615515306,12.5198671896358,7.5344827586206895
26,Guayaquil,Guayas,D,10,2-5,65,115,0.37311640863346335,0.39169310164375243,-0.01857669301028908,-0.014207631483769356,0.0,0.0017737341387773636,0.0022797418630751964,0.0020166947250280583,False,0.0,180.84096923076925,221.92212954562663,41.081160314857385,3.3384615384615386
40,Machala,El Oro,C,3,1,56,73,0.3716909091007558,0.39117754131280347,-0.01948663221204766,-0.014865736919383754,0.0,0.001516485899372794,0.001964085297418631,0.0012801627384960719,False,0.0,93.78957160714286,92.26509821101574,-1.5244733961271086,1.0
29,Guayaquil,Guayas,E,10,0,281,582,0.45179996620780344,0.47226811968680876,-0.020468153479005324,-0.018913967407141574,0.0,0.011243076851971205,0.009855499438832772,0.010206228956228957,False,0.24199288256227758,15.40542350177936,14.839976386767427,-0.5654471150119325,0.0
52,Manta,Manabi,A,11,2-5,46,96,0.3162219809937741,0.33680367321678206,-0.020581692223007986,-0.013440373028690097,0.0,0.0009016301230983045,0.0016133557800224467,0.0016835016835016834,False,0.0,193.0089347826087,209.42311568951888,16.414180906910197,2.9782608695652173
18,Quito,Pichincha,B,16,0,267,582,0.48254017991373865,0.5074776902669862,-0.02493751035324754,-0.02468858088753187,0.0,0.012186098835373874,0.009364478114478115,0.010206228956228957,False,0.21348314606741572,19.725951327715357,20.401250698119025,0.6752993704036683,0.0
26,Guayaquil,Guayas,D,10,11-50,45,128,0.2562925938155434,0.2819392526990076,-0.02564665888346418,-0.013803848567775737,0.0,0.000579390136786188,0.0015782828282828283,0.002244668911335578,False,0.0,773.5338444444444,862.3365619325548,88.80271748811039,22.622222222222224
11,Cayambe,Pichincha,B,6,11-50,66,184,0.1979369550603264,0.2240762458104789,-0.026139290750152505,-0.011031125757964493,0.0,0.0005068555156034061,0.0023148148148148147,0.0032267115600448934,False,0.0,1988.3665,1903.3689956272494,-84.99750437275061,20.53030303030303
53,Manta,Manabi,D,13,51+,5,38,0.10091584470959666,0.12706458397249862,-0.026148739262901954,-0.005961400786652728,0.0,9.981026188471766e-06,0.00017536475869809202,0.0006663860830527497,False,0.0,2693.54898,2769.4408420506757,75.89186205067543,102.6
49,Quito,Pichincha,A,11,0,256,582,0.34418267167933575,0.3714298692114792,-0.02724719753214344,-0.019498436258131108,0.0,0.00594435091466392,0.008978675645342313,0.010206228956228957,False,0.171875,157.15017623828126,162.42110481407687,5.27092857579562,0.0
10,Quito,Pichincha,C,15,1,60,66,0.4808848596718792,0.5082541067761897,-0.027369247104310435,-0.02707198879321937,0.0,0.0027196932864943643,0.0021043771043771043,0.0011574074074074073,False,0.0,26.289933266666665,21.032558377728115,-5.257374888938552,1.0
24,Guayaquil,Guayas,D,1,6-10,61,72,0.15940814147614285,0.1869102074334487,-0.027502065957305838,-0.009524470073936843,0.0,0.0003038346519120527,0.0021394500561167226,0.0012626262626262627,False,0.0,1059.7582098360656,1131.779785021934,72.02157518586831,8.245901639344263
21,Santo Domingo,Santo Domingo de los Tsachilas,B,6,0,275,569,0.4870007188911252,0.5151830709012409,-0.028182352010115763,-0.028243896342760394,0.0,0.012784341690230919,0.009645061728395061,0.009978254769921436,False,0.27636363636363637,19.532429145454547,18.012870233507925,-1.5195589119466195,0.0
13,Latacunga,Cotopaxi,C,15,1,55,78,0.46043816692397804,0.4890635187885531,-0.028625351864575044,-0.02717981984952836,0.0,0.002285555613090978,0.0019290123456790122,0.001367845117845118,False,0.0,32.059909090909095,29.041490347480256,-3.018418743428835,1.0
33,Quevedo,Los Rios,C,3,2-5,33,95,0.326314335847979,0.3568051738972709,-0.030490838049291924,-0.02082888633995411,0.0,0.000688767614901634,0.0011574074074074073,0.0016659652076318743,False,0.0,312.4228787878788,335.8386016396237,23.415722851744892,3.393939393939394
21,Santo Domingo,Santo Domingo de los Tsachilas,B,6,2-5,47,91,0.3026821573495714,0.33326101508118755,-0.03057885773161617,-0.019446415795152827,0.0,0.000844030169450416,0.0016484287317620652,0.0015958193041526374,False,0.0,250.31644680851062,256.33468150193073,6.0182346934201005,3.1914893617021276
40,Machala,El Oro,C,3,6-10,60,66,0.2576099692205245,0.28838821537135917,-0.030778246150834687,-0.01680486652327788,0.0,0.0007804822902370969,0.0021043771043771043,0.0011574074074074073,False,0.0,473.28381666666667,486.5583547114186,13.274538044751946,7.283333333333333
48,Quito,Pichincha,A,14,0,270,566,0.36894294906297886,0.3999082912945656,-0.030965342231586757,-0.023807741782851305,0.0,0.007203916413623665,0.00946969696969697,0.009925645342312009,False,0.2222222222222222,110.67082604814814,109.1319984760183,-1.5388275721298565,0.0
54,El Carmen,Manabi,C,3,1,39,72,0.4495757447036239,0.48117499778120837,-0.03159925307758449,-0.029411028263927885,0.0,0.0015451008195975782,0.001367845117845118,0.0012626262626262627,False,0.0,42.00635887179487,41.204092466235785,-0.8022664055590895,1.0
35,Playas,Guayas,C,3,6-10,25,63,0.25548631334535843,0.2875753021220225,-0.03208898877666405,-0.017426298083769845,0.0,0.00031986134483407195,0.0008768237934904602,0.0011047979797979798,False,0.0,135.76,127.92691798418525,-7.833082015814748,6.92
41,Machala,El Oro,D,4,6-10,67,57,0.2660872103724622,0.2983045633531208,-0.03221735298065859,-0.018183208993497083,0.0,0.0009298422480684676,0.0023498877665544334,0.0009995791245791246,False,0.0,874.2275373134329,1066.1585919806148,191.93105466718194,7.895522388059701
18,Quito,Pichincha,B,16,6-10,75,61,0.2907522614403073,0.32347516727755116,-0.032722905837243854,-0.020099306312586898,0.0,0.001242779088968915,0.0026304713804713806,0.0010697250280583613,False,0.0,433.0353866666667,497.06704991632586,64.03166324965925,7.52
38,Loja,Loja,D,4,1,30,88,0.3937217167605506,0.4271316684072933,-0.03340995164674265,-0.02742467190752268,0.0,0.0009115625321551292,0.0010521885521885522,0.0015432098765432098,False,0.0,80.18126666666667,83.38068006321285,3.1994133965461926,1.0
34,Guayaquil,Guayas,B,6,2-5,50,101,0.3286444795181299,0.362594824596267,-0.0339503450781371,-0.023467812906255145,0.0,0.001058544594003442,0.0017536475869809204,0.0017711840628507295,False,0.0,259.67942,267.02598862181736,7.346568621817354,3.42
35,Playas,Guayas,C,3,0,313,642,0.44267375475558257,0.4767009544658957,-0.03402719971031315,-0.03128374683929033,0.0,0.012022598871284759,0.010977833894500562,0.01125841750841751,False,0.476038338658147,12.792597469648562,12.718652246983037,-0.07394522266552456,0.0
44,Quito,Pichincha,A,5,1,41,110,0.2953051435795404,0.32968252332612025,-0.03437737974657984,-0.02148543836214485,0.0,0.0007008294622730414,0.0014379910213243546,0.0019290123456790122,False,0.0,157.36036585365852,183.3741402699664,26.01377441630788,1.0
8,Quito,Pichincha,D,8,6-10,68,89,0.16016211164910232,0.19465853101776392,-0.0344964193686616,-0.012240041690094239,0.0,0.00034191248237765945,0.0023849607182940516,0.0015607463524130191,False,0.0,1368.7440589705882,1542.7892627685044,174.0452037979162,8.279411764705882
13,Latacunga,Cotopaxi,C,15,0,308,631,0.4485010582155982,0.4831699632650425,-0.03466890504944431,-0.03230001418103112,0.0,0.01214406636342555,0.010802469135802469,0.011065516273849607,False,0.37662337662337664,16.3746299512987,15.39162521803615,-0.983004733262551,0.0
51,Guayaquil,Guayas,A,17,6-10,72,90,0.2020859815352115,0.23694247106016092,-0.03485648952494941,-0.015302990659045348,0.0,0.0005763566968952788,0.0025252525252525255,0.0015782828282828283,False,0.0,1322.3590416666666,1461.8410795683783,139.48203790171152,8.13888888888889
25,Salinas,Santa Elena,D,1,2-5,60,117,0.36544440505508846,0.40631424610851363,-0.04086984105342517,-0.03154165340466222,0.0,0.0015706533901105988,0.0021043771043771043,0.002051767676767677,False,0.0,443.58345166666663,355.0830686830651,-88.50038298360155,3.0833333333333335
52,Manta,Manabi,A,11,1,34,112,0.30652731689528745,0.3476858665243306,-0.04115854962904314,-0.026926465777750624,0.0,0.0006261865797556331,0.0011924803591470258,0.001964085297418631,False,0.0,180.0039117647059,194.1509422909335,14.147030526227624,1.0
10,Quito,Pichincha,C,15,0,305,634,0.47264131865809333,0.5142186237384888,-0.04157730508039548,-0.0410309768966442,0.0,0.013355178012163854,0.010697250280583614,0.011118125701459034,False,0.3836065573770492,18.35026893442623,16.122233957047403,-2.2280349773788277,0.0
27,Daule,Guayas,D,1,6-10,75,91,0.24617831805520834,0.28858548981902277,-0.04240717176381442,-0.02267782065359398,0.0,0.0008909376967644005,0.0026304713804713806,0.0015958193041526374,False,0.0,1103.7742133333334,1198.254775009823,94.48056167648986,7.8533333333333335
47,Quito,Pichincha,A,14,0,258,568,0.35878413794611524,0.402025812238902,-0.04324167429278675,-0.03289869606461182,0.0,0.006509874946325454,0.00904882154882155,0.009960718294051627,False,0.17054263565891473,156.556693875969,162.92627988241296,6.369586006443969,0.0
12,Latacunga,Cotopaxi,C,15,1,56,62,0.42254851027123136,0.46592282006301206,-0.043374309791780696,-0.03853683072303299,0.0,0.00195987172767907,0.001964085297418631,0.0010872615039281706,False,0.0,45.592357142857146,43.61247788485962,-1.9798792579975226,1.0
52,Manta,Manabi,A,11,51+,9,47,0.07266423941542652,0.11643994201911731,-0.04377570260369079,-0.008278168407592977,0.0,9.314733732504255e-06,0.0003156565656565657,0.0008242143658810326,False,0.0,4241.865222222223,4434.9123376046755,193.04711538245343,93.33333333333333
54,El Carmen,Manabi,C,3,2-5,55,105,0.430986440415326,0.47531643895673364,-0.04432999854140762,-0.040176405320636904,0.0,0.002002517749146563,0.0019290123456790122,0.0018413299663299664,False,0.0,265.1497636363636,279.60797571046515,14.458212074101478,3.381818181818182
38,Loja,Loja,D,4,6-10,69,77,0.26392730901331884,0.3098240918023455,-0.04589678278902665,-0.0263333434181363,0.0,0.0009421156570475462,0.00242003367003367,0.0013503086419753086,False,0.0,918.3717826086956,1136.9026204244067,218.53083781571095,7.797101449275362
20,Quito,Pichincha,B,6,1,70,81,0.3506268267332656,0.39672086796944994,-0.046094041236184324,-0.03444827545739426,0.0,0.0016868435065508795,0.0024551066217732885,0.0014204545454545455,False,0.0,89.51221457142857,85.87766407692371,-3.6345504945048743,1.0
45,Quito,Pichincha,A,11,51+,10,60,0.07179916549522426,0.1180082906364557,-0.04620912514123143,-0.008770836493127595,0.0,1.0104742813914587e-05,0.00035072951739618404,0.0010521885521885522,False,0.0,6913.3412,6596.527690237684,-316.8135097623165,95.5
24,Guayaquil,Guayas,D,1,1,34,84,0.27006633577780204,0.3180462499999319,-0.04797991422212988,-0.028217591418570664,0.0,0.0004860783660147953,0.0011924803591470258,0.001473063973063973,False,0.0,64.87982352941177,66.6855511197281,1.8057275903163499,1.0
37,Cuenca,Azuay,D,2,51+,5,39,0.06450415205575262,0.1128683375506864,-0.04836418549493378,-0.00857847598902403,0.0,4.077855352275945e-06,0.00017536475869809202,0.000683922558922559,False,0.0,4084.6953999999996,4307.618902654832,222.92350265483157,122.0
19,Guaranda,Bolivar,C,15,2-5,45,101,0.31375870668137895,0.36860071618036194,-0.05484200949898299,-0.037421961950304145,0.0,0.0008683414996857356,0.0015782828282828283,0.0017711840628507295,False,0.0,232.99864444444444,241.2137810635722,8.215136619127763,3.1333333333333333
30,Guayaquil,Guayas,C,3,11-50,70,165,0.3449243418149812,0.3998838352087175,-0.05495949339373629,-0.04093428008473475,0.0,0.0016324211001484165,0.0024551066217732885,0.0028935185185185184,False,0.0,901.5862714285714,900.2892470635555,-1.2970243650157922,21.15714285714286
34,Guayaquil,Guayas,B,6,1,53,72,0.3448133516583632,0.401503053833009,-0.056689702174645806,-0.04230845475535808,0.0,0.001235180676224122,0.0018588664421997755,0.0012626262626262627,False,0.0,60.25313226415094,60.61446671462697,0.36133445047602814,1.0
31,Babahoyo,Los Rios,B,10,6-10,57,69,0.1710846537456325,0.2282480768803922,-0.057163423134759694,-0.02282722585233446,0.0,0.00032702686961135234,0.001999158249158249,0.001210016835016835,False,0.0,465.63903508771926,510.6980543309241,45.0590192432048,7.5964912280701755
18,Quito,Pichincha,B,16,1,57,73,0.33060932600506193,0.38855796769957424,-0.057948641694512304,-0.04167476782130208,0.0,0.0012212133051306498,0.001999158249158249,0.0012801627384960719,False,0.0,103.52398249122807,112.40828629705939,8.884303805831314,1.0
41,Machala,El Oro,D,4,51+,6,40,0.1276045197983115,0.18617444108032183,-0.05856992128201033,-0.018378009038612548,0.0,1.915004666583833e-05,0.00021043771043771043,0.0007014590347923681,False,0.0,2469.498,2697.50833529782,228.01033529781998,97.83333333333333
6,Quito,Pichincha,D,13,0,286,593,0.3274538637316356,0.38835628042075737,-0.060902416689121774,-0.04359456766946937,0.0,0.006011083248921725,0.010030864197530864,0.010399130190796857,False,0.24825174825174826,77.4640627902098,81.8404850599498,4.376422269740007,0.0
32,Guayaquil,Guayas,C,3,2-5,76,126,0.3236415719680708,0.3877520250373958,-0.064110453069325,-0.04560776581463727,0.0,0.001560373863929867,0.002665544332210999,0.0022095959595959595,False,0.0,109.34409210526316,111.17318645641605,1.8290943511528865,3.3552631578947367
29,Guayaquil,Guayas,E,10,51+,25,47,0.10298202938436307,0.16724887852226397,-0.0642668491379009,-0.01736688899083319,0.0,5.196959969345658e-05,0.0008768237934904602,0.0008242143658810326,False,0.0,3195.75436,3128.2231846801587,-67.53117531984158,83.44
21,Santo Domingo,Santo Domingo de los Tsachilas,B,6,6-10,63,64,0.15752703043620978,0.2223814174401237,-0.06485438700391394,-0.024638729504627997,0.0,0.0003064341712331081,0.0022095959595959595,0.001122334455667789,False,0.0,470.3720957142857,478.74857118749287,8.37647547320716,7.888888888888889
8,Quito,Pichincha,D,8,2-5,42,76,0.28033296437776906,0.34560762071565976,-0.0652746563378907,-0.0408580565799118,0.0,0.0006469699369252188,0.001473063973063973,0.0013327721661054994,False,0.0,179.30126166666665,184.33537211371953,5.034110447052878,2.9761904761904763
21,Santo Domingo,Santo Domingo de los Tsachilas,B,6,51+,25,48,0.11290949753946335,0.1791148434024562,-0.06620534586299286,-0.019333572492472327,0.0,6.247229050365796e-05,0.0008768237934904602,0.0008417508417508417,False,0.0,3458.0697600000003,3291.704038451072,-166.3657215489284,79.4
43,Esmeraldas,Esmeraldas,E,10,2-5,44,94,0.35009088316122966,0.41674948119906785,-0.06665859803783819,-0.05111650360708242,0.0,0.001057062704583409,0.0015432098765432098,0.0016484287317620652,False,0.0,359.1620909090909,331.89249999878024,-27.269590910310672,3.5
16,Santo Domingo,Santo Domingo de los Tsachilas,C,3,51+,8,25,0.14787365378867387,0.21619446333039832,-0.06832080954172445,-0.024873428489906365,0.0,3.428925631797145e-05,0.0002805836139169473,0.0004384118967452301,False,0.0,1223.68225,1291.8352221441078,68.15297214410778,72.0
32,Guayaquil,Guayas,C,3,11-50,53,157,0.44328649364791023,0.5127566551117636,-0.06947016146385337,-0.06641647191074532,0.0,0.0020414151760622962,0.0018588664421997755,0.002753226711560045,False,0.0,1084.3571131698113,988.2709869450385,-96.08612622477277,25.77358490566038
44,Quito,Pichincha,A,5,0,252,557,0.31366503195258394,0.38461798580175377,-0.07095295384916983,-0.049545242732382574,0.0,0.0048598092420428785,0.008838383838383838,0.009767817059483727,False,0.18253968253968253,203.30129763492062,216.3543652397063,13.053067604785687,0.0
45,Quito,Pichincha,A,11,6-10,64,95,0.25782362892161004,0.3292532270324816,-0.07142959811087157,-0.041934663880994816,0.0,0.0008338959775825583,0.002244668911335578,0.0016659652076318743,False,0.0,1559.465921875,1785.0805702804641,225.61464840546407,8.25
16,Santo Domingo,Santo Domingo de los Tsachilas,C,3,1,40,68,0.3705227426069585,0.44369213003422103,-0.07316938742726253,-0.059575603465321675,0.0,0.0010764062297135525,0.0014029180695847362,0.0011924803591470258,False,0.0,61.35060002499999,60.863443083884775,-0.48715694111522934,1.0
22,Puyo,Pastaza,C,7,1,48,69,0.4603852201350033,0.5336074634433684,-0.07322224330836508,-0.07278237412371028,0.0,0.001994208001103476,0.0016835016835016834,0.001210016835016835,False,0.0,42.594125,44.0649442494331,1.4708192494331014,1.0
1,Quito,Pichincha,D,13,51+,5,29,0.04873368533652256,0.1226968135634696,-0.07396312822694705,-0.012679535972149627,0.0,2.327635569317985e-06,0.00017536475869809202,0.0005085578002244669,False,0.0,2922.8842400000003,2964.159552818283,41.275312818283,119.0
30,Guayaquil,Guayas,C,3,51+,12,17,0.21733014728852998,0.2931075992843213,-0.0757774519957913,-0.03867967183776413,0.0,0.0001110983645608739,0.00042087542087542086,0.00029812008978675645,False,0.0,1784.3029166666665,1628.0359285594388,-156.26698810722783,69.08333333333333
22,Puyo,Pastaza,C,7,6-10,45,58,0.18249276962455924,0.2602885871231364,-0.07779581749857717,-0.03444653762131611,0.0,0.0002937584105500405,0.0015782828282828283,0.0010171156004489337,False,0.0,186.11111111111111,190.35868976266266,4.247578651551573,7.488888888888889
49,Quito,Pichincha,A,11,1,36,91,0.23573185201606178,0.32053266431785127,-0.08480081230178949,-0.04717168283977786,0.0,0.00039212588186383836,0.0012626262626262627,0.0015958193041526374,False,0.0,200.8303611111111,219.20803848537034,18.37767737425921,1.0
35,Playas,Guayas,C,3,1,51,56,0.4849020782502009,0.5729718155342493,-0.08806973728404838,-0.09316667590524985,0.0,0.0023505242614909384,0.0017887205387205388,0.0009820426487093155,False,0.0,57.301509392156866,52.01609396589243,-5.285415426264438,1.0
16,Santo Domingo,Santo Domingo de los Tsachilas,C,3,6-10,52,62,0.17778295462132604,0.26748497742257615,-0.08970202280125011,-0.0399414341928676,0.0,0.00032215884084369796,0.001823793490460157,0.0010872615039281706,False,0.0,204.0421923076923,219.6356072838551,15.59341497616279,7.346153846153846
14,Riobamba,Chimborazo,C,7,2-5,47,91,0.25430080602249616,0.3443601334763416,-0.09005932745384543,-0.05391500158415258,0.0,0.0005957716077543675,0.0016484287317620652,0.0015958193041526374,False,0.0,210.18772340425534,228.6975348393293,18.509811435074006,3.25531914893617
28,Guayaquil,Guayas,E,10,1,49,80,0.33025157440603164,0.42150547165123065,-0.091253897245199,-0.06860076023426372,0.0,0.0010475441710540003,0.0017185746352413019,0.0014029180695847362,False,0.0,110.62255102040817,119.12546856234847,8.502917541940315,1.0
45,Quito,Pichincha,A,11,11-50,106,163,0.37075556729568265,0.46455030472064596,-0.0937947374249633,-0.07834729493530151,0.0,0.0028560624457804502,0.003717732884399551,0.0028584455667789,False,0.0,3735.9994273584907,3988.1370388904274,252.13761153193647,19.29245283018868
49,Quito,Pichincha,A,11,6-10,67,102,0.2478021106070854,0.3423247822606895,-0.09452267165360412,-0.05578037052850232,0.0,0.0008064385424926097,0.0023498877665544334,0.0017887205387205388,False,0.0,1693.110119402985,1919.5876357960394,226.47751639305443,8.402985074626866
32,Guayaquil,Guayas,C,3,1,27,51,0.3745396435117808,0.4702296459543847,-0.0956900024426039,-0.08083597537245413,0.0,0.000742413432397496,0.000946969696969697,0.0008943602693602694,False,0.0,88.45081481481482,89.96416583067045,1.5133510158556358,1.0
21,Santo Domingo,Santo Domingo de los Tsachilas,B,6,1,63,93,0.3320676592978021,0.4328987964842247,-0.10083113718642261,-0.07713243764596904,0.0,0.0013616960649009372,0.0022095959595959595,0.0016308922558922558,False,0.0,121.29265114285714,107.90961992400591,-13.383031218851226,1.0
7,Quito,Pichincha,D,8,6-10,78,77,0.27409267070183896,0.3785382764250842,-0.10444560572324524,-0.06816443458640672,0.0,0.001148618796540956,0.002735690235690236,0.0013503086419753086,False,0.0,1082.1773974358973,1258.427147380657,176.2497499447597,7.884615384615385
2,Quito,Pichincha,D,13,1,55,108,0.37211786084029713,0.481550514767394,-0.10943265392709689,-0.09341919591638342,0.0,0.0014928294430994232,0.0019290123456790122,0.001893939393939394,False,0.0,58.97478181818182,66.97663033730603,8.001848519124222,1.0
33,Quevedo,Los Rios,C,3,6-10,55,75,0.18257490941680185,0.2954486004053437,-0.11287369098854186,-0.05395627793292306,0.0,0.00035936133533511204,0.0019290123456790122,0.0013152356902356903,False,0.0,359.24976363636364,375.0491481259075,15.799384489543858,7.527272727272727
45,Quito,Pichincha,A,11,1,25,106,0.32103562593896107,0.43508981253958023,-0.11405418660061917,-0.08623927185370653,0.0,0.0005050483295282141,0.0008768237934904602,0.0018588664421997755,False,0.0,256.965444,259.9461581710985,2.980714171098516,1.0
35,Playas,Guayas,C,3,51+,9,21,0.14127403099475414,0.2560395066303014,-0.11476547563554726,-0.0455978771219814,0.0,3.520899711402659e-05,0.0003156565656565657,0.00036826599326599327,False,0.0,1115.7863333333332,1153.2953240121722,37.508990678838664,65.88888888888889
16,Santo Domingo,Santo Domingo de los Tsachilas,C,3,2-5,47,99,0.3423501117067323,0.4623388045221165,-0.11998869281538421,-0.09655357118132775,0.0,0.0010797551321122822,0.0016484287317620652,0.001736111111111111,False,0.0,187.11227659574467,199.05568725380834,11.943410658063671,3.6595744680851063
29,Guayaquil,Guayas,E,10,1,65,86,0.3076716015455247,0.4282327102829169,-0.12056110873739218,-0.08872143975866449,0.0,0.0012060759355999018,0.0022797418630751964,0.0015081369248035915,False,0.0,101.90112307692308,106.2564958529515,4.35537277602842,1.0
30,Guayaquil,Guayas,C,3,6-10,13,46,0.25291583322836225,0.3760288719664962,-0.12311303873813395,-0.07743129385479884,0.0,0.00016299784399578272,0.00045594837261503927,0.0008066778900112234,False,0.0,171.15384615384616,184.47999717730755,13.326151023461382,7.384615384615385
45,Quito,Pichincha,A,11,0,271,563,0.35724279423938987,0.4881500665507943,-0.13090727231140442,-0.11066807343757784,0.0,0.006779266663704462,0.009504769921436588,0.009873035914702582,False,0.15867158671586715,186.28778649077492,190.01892914243973,3.731142651664829,0.0
11,Cayambe,Pichincha,B,6,2-5,49,98,0.3395104081221016,0.4722630054577492,-0.1327525973356476,-0.10776502910075005,0.0,0.001107104807229463,0.0017185746352413019,0.0017185746352413019,False,0.0,172.70585714285713,178.2323605198423,5.526503376985174,3.020408163265306
31,Babahoyo,Los Rios,B,10,1,61,77,0.285414206113235,0.4205445617174095,-0.13513035560417452,-0.09539645933883988,0.0,0.0009740191099626933,0.0021394500561167226,0.0013503086419753086,False,0.0,104.96631147540982,100.20114815632957,-4.765163319080261,1.0
46,Quito,Pichincha,A,14,11-50,91,160,0.2891147804616113,0.4385901149715526,-0.14947533450994127,-0.10877393266939404,0.0,0.0014909684480705948,0.0031916386083052748,0.0028058361391694723,False,0.0,2530.7209780219778,2889.0678600430324,358.3468820210544,20.736263736263737
30,Guayaquil,Guayas,C,3,2-5,67,139,0.3209424575836863,0.4714643389013723,-0.150521881317686,-0.11927456177585175,0.0,0.0013527440164157905,0.0023498877665544334,0.0024375701459034794,False,0.0,181.50167164179103,193.2964290996609,11.794757457869888,3.3582089552238807
13,Latacunga,Cotopaxi,C,15,2-5,55,94,0.22148780993797268,0.37995471922616664,-0.15846690928819396,-0.09530873871111561,0.0,0.0005288698611090538,0.0019290123456790122,0.0016484287317620652,False,0.0,139.6942,136.36806253729347,-3.3261374627065434,3.5090909090909093
49,Quito,Pichincha,A,11,11-50,101,161,0.20469837607079505,0.40323417650930066,-0.1985358004385056,-0.12069637593911323,0.0,0.0008295386767580337,0.003542368125701459,0.002823372615039282,False,0.0,2966.9432663366338,3376.734097802451,409.79083146581735,19.356435643564357
33,Quevedo,Los Rios,C,3,51+,13,48,0.14383209496892782,0.3627485730284018,-0.21891647805947398,-0.11089885569099106,0.0,5.271587697863657e-05,0.00045594837261503927,0.0008417508417508417,False,0.0,2716.0108461538466,2593.302009094955,-122.70883705889136,73.84615384615384
26,Guayaquil,Guayas,D,10,1,32,88,0.48561587239767356,0.7476177029312985,-0.2620018305336249,-0.32310945421171766,0.0,0.0014791839846639487,0.001122334455667789,0.0015432098765432098,False,0.0,74.44140609375,70.41757365962513,-4.02383243412486,1.0
5,Santo Domingo,Santo Domingo de los Tsachilas,D,4,1,33,86,0.2342599079277684,0.6673324448738455,-0.43307253694607706,-0.39045488751897744,0.0,0.00035497383911800085,0.0011574074074074073,0.0015081369248035915,False,0.0,64.15827272727273,60.992905040898144,-3.1653676863745823,1.0
